template_group_id,representative_text,unique_member_count,raw_member_count,member_fingerprints,current_type,source_summary,suggested_type,suggestion_reason,proposed_type,review_status,reviewer,review_note
tpl_8b12371de40c,"[Web발신] [2026 하계방학 로보시지 인턴십 참여 학생 모집] SW학과 3~4학년 재학생 대상 로보시지 인턴십 참여자를 모집합니다! -기업명: 로보시지(서울시 구로구) -모집인원: 3명 -직무: 로봇 어플리케이션 개발 / Physical AI 개발 -활동기간: 7. 6.(월) ~ 8. 21.(금) (7주) -혜택: 학교지원금(약 84만원) + 기업지원금(20만원), 비교과 50P, 수료증 발급 *신청기간: ~ 6. 29.(월) 공지사항 https://www.gov.kr/J86WfK 문의: SW중심대학사업단(02-760-8049)",1,28,8b12371de40c666c8e08355b5236b44d4c93c223a295baac937aaba2ef6ca0cd,기타정상,original,기타정상,명확한 단일 유형을 자동 제안할 수 없음,기타정상,APPROVED,pearseona,특정 정상 유형에 해당하지 않는 안내
tpl_af129827c328,[Web발신] [*반 프로젝트 최종발표 일정 링크] 클릭해서 신청하세요~ https://www.baemin.me/qGa29G,1,27,af129827c3283f2218baef8752bf17dc48159f820b6793985bfcd7c83213f83b,기타정상,original,기타정상,명확한 단일 유형을 자동 제안할 수 없음,기타정상,APPROVED,pearseona,특정 정상 유형에 해당하지 않는 안내
tpl_f24bd95a0105,"[Web발신] 대기번호 2번 고객님 지금 입장해 주세요. ㅡ 10분 동안 미 입장시 대기 접수가 자동 취소되며, 다시 대기 등록을 해주셔야 합니다. 대기 취소하기: https://www.cjlogistics.com/zqeHCh",1,26,f24bd95a0105856c69849469a6eb5fabb51201dd16f66ff9c0d086b32fac2714,기타정상,original,기타정상,명확한 단일 유형을 자동 제안할 수 없음,기타정상,APPROVED,pearseona,특정 정상 유형에 해당하지 않는 안내
tpl_a5bd16e9e8c6,"[Web발신] [외교부] 대만 해외안전여행 길잡이, 아래 링크 참조 https://www.cjlogistics.com/GCa1UL",1,25,a5bd16e9e8c638a07feac44cc91021ad0b5b5a56523b4f7a52050065625e0907,기타정상,original,기타정상,명확한 단일 유형을 자동 제안할 수 없음,정상공공기관알림,APPROVED,pearseona,공공기관 발신 안내
tpl_928cb4579324,[Web발신] [건강지키미] 12월 13일 휴면회원전환예정 https://www.baemin.me/h5ivDR,1,22,928cb457932441a4bccbf68334635089fa94fcad1c56f0f0264372960fc2d2ae,기타정상,original,기타정상,명확한 단일 유형을 자동 제안할 수 없음,기타정상,APPROVED,pearseona,특정 정상 유형에 해당하지 않는 안내
tpl_38cefc95912a,[Web발신] [토스] 10월 30일 이용약관이 변경되어 안내 드립니다. https://www.hansung.ac.kr/YsyuZ1,1,21,38cefc95912a9eedc16b6882a36769bac4046b90ee24b3bf68f6251db7c6edf0,기타정상,original,기타정상,명확한 단일 유형을 자동 제안할 수 없음,기타정상,APPROVED,pearseona,특정 정상 유형에 해당하지 않는 안내
tpl_057441485d91,"[Web발신] 오늘 당일 하루! 아르바이트 모집합니다 일급 :94,162원 + 교통비 5,000원 근무시간: 16:00-01:00 자차출근만가능 근무지주소: 경기도 용인시 **로 6*7 파*토 물류센터 현재 일하고 계신분은 답안하셔도됩니다~",16,19,057441485d917a9ed636777cb6bc83abfc93fd756cb1bd82c62e0ec8f8f96248|0925058e8c0f92db41c106a0e37226ca9478651769c1bc7bb31defc2c7693dab|34e9647604756e48542f65cd4e63844868ce650e3d65e3e121e4970346285b92|3ef0a3b62064d137ba433ce89e28bb80a7e2110d05b4afd1ec42d955ee4464da|5ba7e2dcab1e944127011db13a9f9415ef0319a3e3d84e532ffbbf732c638851|76aed99e0ef513c7c1dd04f989a703782e81c2f2b7142f96191c7f5cb11c4581|76ef0bd88bd6431a7e5281abf4b65c2d2c8f9c76eff72908e2179d75a6efcb70|82c56159caf1b7c26ec4c5949b589742b2f47a9d34bd5756e1b077449afaa080|c0bec63a392cdeb6247c166211094a20e2df6e572ae7f1c9625d7e8b9e9393dd|d7b6557dc791566d62c6a72dba81d2c22ea0179cb1938fdb80358fa7e2c0815e|e5afcd5dd0a20eaa2bc5490b63504131b147d6ffb66a4917778d0d4fc02c061c|e82e8ce9c29b1558623fcbedd049ed5c1b686f4848d77cdaac8ce05c5d646cc6|ea3417e3339eae8a97370cf435fc029b281529e12709aa696d5d1d72389eef1e|f07519f53a104e09a5a728c638e10e8a73a5d9175cf03fa6330a5c60da24fb34|f79cdba42c62c2631002a8f13d2fbf7dd25681ed3c36094199fa271440504b0a|ff920cdec80a3a63000ae14cac754f54808a0dc20887c0fb6ddd41245d8983ee,기타정상,original,기타정상,명확한 단일 유형을 자동 제안할 수 없음,기타정상,APPROVED,pearseona,특정 정상 유형에 해당하지 않는 안내
tpl_63fac6a7e948,"[Web발신] [객체지향언어2]3차 : ""금"" WebEx 신청 https://www.nhis.or.kr/gGjbY4",1,19,63fac6a7e948aa2daef3f106f0315a48e2361f6cd07047ce725966ccd42075cc,기타정상,original,기타정상,명확한 단일 유형을 자동 제안할 수 없음,기타정상,APPROVED,pearseona,특정 정상 유형에 해당하지 않는 안내
tpl_b8c499e6a27f,[알바몬] 제트알바 도착 [Web발신] [알바몬] 딱 맞는 제트알바가 도착했어요! 000님께 딱 맞는 알바가 도착했어요! 제트 지원으로 더 빠르고 간편하게 지원해 보세요. - 공고제목: [분양상담사] 작년 월급 몇배로 받고 싶다면? 지원… - 기업명: 주식회사 일월그룹 - 업직종 : 마케팅·광고·홍보 외 2개 - 근무기간 : 3개월~6개월 - 근무지 : 경기 광주시 - 급여: 월급 500만원 ▶채용정보 확인하 https://www.yanolja.com/VOoFx6 ▶추천알바 모두보기 https://www.hansung.ac.kr/AGQNHz - 해당 메시지는 회원님이 요청하신 조건에 맞는 채용공고가 있을 경우 발송됩니다. - [알바몬앱 > 마이페이지 > 알림설정]에서 제트알바 알림을 해제할 수 있습니다.,1,18,b8c499e6a27fd1f5a192bc3a249cd60fad7036afae9cd1fab3815c03901ea18e,기타정상,original,기타정상,명확한 단일 유형을 자동 제안할 수 없음,기타정상,APPROVED,pearseona,특정 정상 유형에 해당하지 않는 안내
tpl_0091f7fd6db0,"제목없음 *아님, 안녕하세요! 함께하는 사람들의 언어 공동체, ** 신0점 입니다! 오늘 영어회화스터디 상담이 오후 2시30분으로 예약이 되어있는데요, 편안한 마음으로 밝은 웃음과 함께 오시면 되어요! (예약된 시간정각에 상담진행합니다^^) 오시는길 - ★ 주소 : 경북 시 동*구 만 52 문타워 7층 지도 링크 : https://naver.me/FK5B9Fzh  같은 건물 1층에 kt 대리점과 텐퍼센트 카페가 있습니다. ★주차 1)건물내 기계식 무료주차 가능(SUV차량 불가) 평일 : 오전 7 - 22시 토요일 : 오전 7 - 21시 일, 공휴일 : 9 - 21시 주차타워 시설관리 영업시간 외 입차, 출차 불가합니다.* 2) 신부제4공영주차장(도보 6분) ★ 주차료는 지원되지 않습니다★ 최초 30분 무료, 이후 10분 마다 200원 https://map.naver.com/p/entry/place/1307027945?placePath=%2Fhome 3)신부유료주차장(도보 3분) 30분 2,000원, 이후 추가 15분 1,000원 https://map.naver.com/p/entry/place/1002737560?placePath=%2Fhome 감사합니다 ~ :)",10,17,0091f7fd6db03e35ab34749c0647cf6cd5602bee395a64f471cf022e9d3708ae|252bb04c80fefc85c1bce8d1af5e13679dacc684d44834d40f34432c6823adb4|381ec9f45d6d6ea1c3e54b5d9a809c994dc7bdaab2dd5f8eba7df74365a3427f|3fa53e1a0dbcef21354ccdff634cd39de46c7f971d77fb654f0464d282a379a0|45d50423f1d4fcab11ad1ab2d6943b131136bdacfd388ada171db5411fb91ccc|49d8c7da012f74d0e60991c50944874ac6f68821ad6f3d800ea2b5990fadcc36|75b13b1e4921af2a1884f966372ab5073780131a0ccdab2e643b13535e139b24|8de3ef9a8c3ddd13f244b6cf0f07e75c30321a06a98bd23421a9dc96a0aa686c|8e5406beb5e67a1fbd143256333adf6068b724f05c19435942bca58885d49593|db236d7525a63be5d076ccc3a14199a889d528877795d7c828e6cdfbca33bb28,기타정상,original,기타정상,명확한 단일 유형을 자동 제안할 수 없음,기타정상,APPROVED,pearseona,특정 정상 유형에 해당하지 않는 안내
tpl_301f545f30fe,[Web발신] 안녕하세요? [365 토마토의원] (혜화동 13**번지)입니다. 병원 주차 불편 해소를 위해 병원 지하 주차장 만차 시 도보 3분 거리에 전용 주차장을 마련하였습니다. 내원시 편하게 이용하시기 바랍니다. - 일시 : 2026. 4. 1일 이후 - 위치 :  서북구 혜와동 **59번지 [F2 주차장] - H.P. 010 **** **31 - * 네이버맵 링크 이용하세요 https://www.toss.im/Cc9yZx,1,17,301f545f30fe3a4b2ea8bf0be80d564782893f0137f7fc10645244a3d82eb833,기타정상,original,기타정상,명확한 단일 유형을 자동 제안할 수 없음,기타정상,APPROVED,pearseona,특정 정상 유형에 해당하지 않는 안내
tpl_102302553699,"근로장려금 안내 [Web발신] (광고)[덧셈] 임*영님, 25년 귀속 소득분에 대한 근로장려금 기한후 신청 기간은 26년 6월 2일부터 26년 11월 30일입니다 다만, 기한후 신청을 한 경우에는 근로장려금의 5%가 감액되어 결정금액의 95%만 지급합니다. - 환급액 신청하기 : https://www.baemin.me/uDLUfd 무료수신거부 080-800-****",1,16,10230255369903082a88920fac2895b0714dec5e6ff7b2a729be4d23ace84d51,기타정상,original,기타정상,명확한 단일 유형을 자동 제안할 수 없음,정상광고프로모션,APPROVED,pearseona,공공 제도 관련이나 사설 앱 발신 광고라 광고로 분류
tpl_1b538383bd48,"환급금 분석결과 [Web발신] 박*수님 - 분석결과: 환급 가능성 발견 - 분석근거: 박*수님의 해당사항 3개 - 예상환급액: 88,435원 (제휴사 환급신고액 평균)",8,16,1b538383bd482eac3211546f3eb77fe3340f71e1a507f1727bbcd7c5554e4ba7|3ffe7351bbaae187b623b7d3f36883ce33291d3bd21776a744e1ce49899884be|4500e37aa1d42963021b06531c284b87f20d0c6f558084f04a52a9a34fabb42c|7e3aabb364ce57866b881da6ef7dd6b953268e05267a323c72a50799df39731f|95adda6bb56eadb664fafd78110e4ad88f22880471679ffb558176b6da1c3153|b7d667bc51f5c9fe97cb257c1e513e5f019c61be26f6771dfe8843883a5bf29d|e142cdd243127df2be02681d70ab63c0727d0f5ea21b8fe01e32aac6f0a5f7d6|f9cf49989bd91792719aa506fa701db83db29c35863fcb7e555ca854d14ba637,기타정상,original,기타정상,명확한 단일 유형을 자동 제안할 수 없음,정상광고프로모션,APPROVED,pearseona,광고·쿠폰·프로모션 안내
tpl_1717bc55259a,"이랜드이츠 우*정*대 입학설명회 안내 [Web발신] 안녕하세요 이랜드이츠 채용팀입니다. 이랜드이츠 산학협력 연계로 2025년 '대전 우*정*대 애슐리학과(창업조리제빵과)'를 운영합니다. 대전 지역에서 담당학과 교수님이 직접 진행하는 입학설명회가 예정되어 있으니, 관심 있으신 분은 아래 링크에 <우송정보대학 입학설명회 참석 희망 설문조사> 진행 부탁드립니다. (~10/30 수요일까지) https://www.cjlogistics.com/n8xC8q 감사합니다.",1,14,1717bc55259a1f8214b2c3b3af4fd234e59bd24bf774b35d3bfdcfb62c70d96f,기타정상,original,기타정상,명확한 단일 유형을 자동 제안할 수 없음,기타정상,APPROVED,pearseona,특정 정상 유형에 해당하지 않는 안내
tpl_b686a63621b3,"[Web발신] [SK브로드밴드 보이는 고객센터 안내] SK브로드밴드 '보이는 고객센터' 연결 안내입니다. 통화를 종료하지 마시고, 아래 URL 주소를 누르면 보이는 고객센터 화면으로 연결됩니다. ▶ '보이는 고객센터' 바로가기 https://vars.skbroadband.com:8080/SKBVARS/WebMsg?cmd=1&osType=2&ani=MqNCjJF7rmHaEQo7Y0kWHw%3D%3D",1,11,b686a63621b386fe88f773d8c555db9530d1f98c33331ba0698a6f2210252549,기타정상,original,기타정상,명확한 단일 유형을 자동 제안할 수 없음,기타정상,APPROVED,pearseona,특정 정상 유형에 해당하지 않는 안내
tpl_0a3f686bd317,"회원님 KB국민은행가 대리인 배*신님께 배송되었습니다. 배송만족도 평가시 5점 부탁드립니다. 문의,불편접수 02-***-***",8,8,0a3f686bd31714f7740c7f91e4761024e351d600bb4fb125251ded429f08ddd2|18d20d2efa8df4580a1cc07cc785ed24ce1ca69d60f38575927c95940e05006f|375356d6803c13f4be91908f8220b7f56b370ead5a04b446d0ef0e1c3945fc3f|5c592f4b179588f01e19e4d2f9abf254bd4367fd16279f0d30d85082ada24294|68b556611de433b70c7d30e8a151ed623193f44774a6a3493e14ec8333c0cd91|9e7f78fa2d245016e03d4b9c2736cced573cd253da46f1a57aee500b9218b419|a5d44e0c58b8a7405592371d3269b95bcccbaafb9bd7a010294c4561f14867c8|e72457ee803b744d5a6495adf968ad93ff7276649b8271ac5e6d2fcd8fff2641,기타정상,original,기타정상,명확한 단일 유형을 자동 제안할 수 없음,정상택배배송안내,APPROVED,pearseona,카드 실물 배송 안내. 금융 알림이 아닌 배송 안내로 분류
tpl_6ad99290e53a,"[Web발신] [하나은행] 개인뱅킹 서비스 신규 가입 안내 [윤*우]님, 하나은행 개인뱅킹 서비스에 가입해 주셔서 감사합니다. 언제 어디서나 편리하게 인터넷뱅킹과 스마트폰뱅킹을 이용해 보세요. ▶ 하나원큐 바로가기 : https://www.naver.me/Vvk3uO ※ 본인이 가입하지 않은 경우, 하나은행 고객센터(1**9-1111)로 연락해주시기 바랍니다.",1,3,6ad99290e53acba1f66ae22a8ebe5fc9f585d25f892bf4aea5d7e88c372d656d,기타정상,original,기타정상,명확한 단일 유형을 자동 제안할 수 없음,정상금융알림,APPROVED,pearseona,은행·금융기관 발신 계좌·서비스 알림
tpl_a207d39ed33c,"[Web발신] [KB국민은행] 개인뱅킹 서비스 신규 가입 안내 [윤*우]님, KB국민은행 개인뱅킹 서비스에 가입해 주셔서 감사합니다. 언제 어디서나 편리하게 인터넷뱅킹과 스마트폰뱅킹을 이용해 보세요. ▶ 하나원큐 바로가기 : https://www.cjlogistics.com/WDtJUa ※ 본인이 가입하지 않은 경우, KB국민은행 고객센터(1**9-1111)로 연락해주시기 바랍니다.",1,3,a207d39ed33c2cfec0f6ad39ae952facc7201fe2b40b4b2fb91c366f2caa8351,기타정상,original,기타정상,명확한 단일 유형을 자동 제안할 수 없음,정상금융알림,APPROVED,pearseona,은행·금융기관 발신 계좌·서비스 알림
tpl_d737e2950c23,"[Web발신] [새마을금고] 개인뱅킹 서비스 신규 가입 안내 [윤*우]님, 새마을금고 개인뱅킹 서비스에 가입해 주셔서 감사합니다. 언제 어디서나 편리하게 인터넷뱅킹과 스마트폰뱅킹을 이용해 보세요. ▶ 하나원큐 바로가기 : https://www.baemin.me/EfPkVX ※ 본인이 가입하지 않은 경우, 새마을금고 고객센터(1**9-1111)로 연락해주시기 바랍니다.",1,3,d737e2950c234531e4e30aa2cb021fb0fc1d0cb49c746cad29242093f8172c9f,기타정상,original,기타정상,명확한 단일 유형을 자동 제안할 수 없음,정상금융알림,APPROVED,pearseona,은행·금융기관 발신 계좌·서비스 알림
tpl_7efe8828c26b,"[Web발신] [신한은행] 개인뱅킹 서비스 신규 가입 안내 [윤*우]님, 신한은행 개인뱅킹 서비스에 가입해 주셔서 감사합니다. 언제 어디서나 편리하게 인터넷뱅킹과 스마트폰뱅킹을 이용해 보세요. ▶ 하나원큐 바로가기 : https://www.kakaobank.com/YzQa2Y ※ 본인이 가입하지 않은 경우, 신한은행 고객센터(1**9-1111)로 연락해주시기 바랍니다.",1,2,7efe8828c26b022fec3993a5a29f8a81b07fdc29f07b15e1c1cb871b2c2ca966,기타정상,original,기타정상,명확한 단일 유형을 자동 제안할 수 없음,정상금융알림,APPROVED,pearseona,은행·금융기관 발신 계좌·서비스 알림
tpl_01fe49492e88,"[Web발신] [소모임] 어플 장기 미방문으로, 가입시 작성한 개인정보는 30일 후 휴면전환",1,1,01fe49492e887f979035a5d103e9e2f95b7e971f5eb072ae0e5393e3fdcea16f,기타정상,original,기타정상,명확한 단일 유형을 자동 제안할 수 없음,기타정상,APPROVED,pearseona,특정 정상 유형에 해당하지 않는 안내
tpl_024c7e6cfe9a,"카페마다 가격이 다 다르긴 한데 보통 7,000원에서 15,000원 사이 하는 것 같애.",1,1,024c7e6cfe9a6b242978eb66f744d63a01cec065f8463535baf9b7057ef23f90,일상대화,original,기타정상,명확한 단일 유형을 자동 제안할 수 없음,일상대화,APPROVED,pearseona,개인 간 대화
tpl_0388439e4030,맞아. 농심은 신라면의 가격을 4.5% 인하했어. 다만 신라면 하나만 가격을 내린지라 아쉬움의 목소리가 있긴 하지.,1,1,0388439e40301f717fd84073613bbc0fa99722a7f4b482ae97180d4f8e79eb03,일상대화,original,기타정상,명확한 단일 유형을 자동 제안할 수 없음,일상대화,APPROVED,pearseona,개인 간 대화
tpl_03ce45d2245f,"그리고 여행 영상을 보면서 이야기 하는 패널들로 장도연, 쌈디, 이승훈이 나와.",1,1,03ce45d2245f226d067ab61df8781c8ca180b16fefc6e2780127d609b0280ec4,일상대화,original,기타정상,명확한 단일 유형을 자동 제안할 수 없음,일상대화,APPROVED,pearseona,개인 간 대화
tpl_040d8bc48601,동탄신도시도 아니고 몽탄신도시는 도대체 어디야?ㅋㅋ,1,1,040d8bc48601544c17715c0519b54fd7f13301d95ccb22521afe0a07d28e114a,일상대화,original,기타정상,명확한 단일 유형을 자동 제안할 수 없음,일상대화,APPROVED,pearseona,개인 간 대화
tpl_08e64badab3c,그래도 라면 가격이 좀 내려갔다고 하니 그건 다행이긴 한 듯. 라면 가격마저 올라갔으면 상상하기도 싫다 ㅋㅋ...,1,1,08e64badab3ce8d1fb4252fb85780bfe2a365447823d45cd0f78b78df89b9569,일상대화,original,기타정상,명확한 단일 유형을 자동 제안할 수 없음,일상대화,APPROVED,pearseona,개인 간 대화
tpl_092ebe92b646,[국제발신] 에어비앤비 인증 코드: 763891,1,1,092ebe92b646037397c774d3040b9a6114947b9c18ff8e3a10e7e02f58d41871,기타정상,original,기타정상,명확한 단일 유형을 자동 제안할 수 없음,정상인증알림,APPROVED,pearseona,인증번호·로그인 알림
tpl_098aaf2c36a1,결제 취소했어. 환불은 카드사 사정에 따라 3일 정도 걸린대.,1,1,098aaf2c36a130afde74af2fa9513fc81854c7f27bff46aa1c8a7cd5f1e215fb,일상대화,synthetic_hard_negative_v2,기타정상,명확한 단일 유형을 자동 제안할 수 없음,일상대화,APPROVED,pearseona,개인 간 대화
tpl_09b57f1f6800,그럼 삼양도 제일 인기 많은 삼양라면만 가격을 인하한거야?,1,1,09b57f1f6800f96c668cc997116795221de247730d5a432132cbce2089f6621b,일상대화,original,기타정상,명확한 단일 유형을 자동 제안할 수 없음,일상대화,APPROVED,pearseona,개인 간 대화
tpl_0ba318438504,그러지 말고 이번 주말에 카페 가서 먹어보셈!,1,1,0ba318438504c0a6d1b19344ca1ecab3a632255fb94b09c0c72dc29a6a89e4df,일상대화,original,기타정상,명확한 단일 유형을 자동 제안할 수 없음,일상대화,APPROVED,pearseona,개인 간 대화
tpl_0fd4ccc6966f,좋아! 근데 다른 시리즈도 있는 거 같던데 아는 거 있어?,1,1,0fd4ccc6966fa1a56cf451c487fa7493769a0c03c500bf34cd56d5a1be367d11,일상대화,original,기타정상,명확한 단일 유형을 자동 제안할 수 없음,일상대화,APPROVED,pearseona,개인 간 대화
tpl_12814d2830c0,다행이다. 나는 내일 가니까 평일이라 괜찮겠어 ㅋㅋ. 너는 가서 뭐 먹어봤어?,1,1,12814d2830c096378317300e2421fddbe004328e851f7c64680b9f336dab4ce6,일상대화,original,기타정상,명확한 단일 유형을 자동 제안할 수 없음,일상대화,APPROVED,pearseona,개인 간 대화
tpl_136c599e8297,그른가ㅋㅋ. 요즘 MZ에게 유행하는 게 뭐임?,1,1,136c599e8297d1d6683d54d540bd60a00116a915680f4d0b06251dcc421e1eae,일상대화,original,기타정상,명확한 단일 유형을 자동 제안할 수 없음,일상대화,APPROVED,pearseona,개인 간 대화
tpl_13a9d1849e20,[Web발신] 이*윤님의 검진결과를 이메일로 보내드리오니 확인하시기바랍니다. 검진결과확인방법:1.첨부파일열기 2.암호입력(생년월일8자리) 3.검진결과확인 - **향대학교부속*주병원 검진팀,1,1,13a9d1849e20647058ff4c6f7da202520e3cd230aad38a24629e20471e5590c9,기타정상,original,기타정상,명확한 단일 유형을 자동 제안할 수 없음,기타정상,APPROVED,pearseona,특정 정상 유형에 해당하지 않는 안내
tpl_14084b8ddfb7,"그래, 인생 뭐 있냐. 복세편살하는거지.",1,1,14084b8ddfb7377e940b580b01b54edb58c92d0c8e7d1e19d5f671affde41a79,일상대화,original,기타정상,명확한 단일 유형을 자동 제안할 수 없음,일상대화,APPROVED,pearseona,개인 간 대화
tpl_14375491e8f8,배달기사입니다. 문앞에 놓고갑니다. 맛있게 드세요. 감사합니다.!!!!,1,1,14375491e8f89328be6abc7f20d6abc8c7184ba6198692b3dbcee39715f951b6,기타정상,original,기타정상,명확한 단일 유형을 자동 제안할 수 없음,정상택배배송안내,APPROVED,pearseona,배송 상태·수령 안내
tpl_16c413bece09,ㅇㅈ. 나도 덱스 때문에 봤는데 기안84에 입덕해버림.,1,1,16c413bece09254458058b4098fc1831ea9d916bf384cacd362cf1d7b61e3c9b,일상대화,original,기타정상,명확한 단일 유형을 자동 제안할 수 없음,일상대화,APPROVED,pearseona,개인 간 대화
tpl_191048c04de2,아... 나는 내 동생이 책가방에 키링 달고 다니길래 초등학생에게만 유행하고 있는 줄ㅋㅋ.,1,1,191048c04de2bb0777adf6d705c12b7a6b025cec9ecf8b513cc1dfea872201d7,일상대화,original,기타정상,명확한 단일 유형을 자동 제안할 수 없음,일상대화,APPROVED,pearseona,개인 간 대화
tpl_198e76272478,오 정말? 히사이시 조 콘서트인줄은 몰랐네. 넘나 좋은걸? 언제 개최되는 거야?,1,1,198e76272478e31968162b7eecf5fb43cdb0867e8b56209ca3bd9ee8e90a78e7,일상대화,original,기타정상,명확한 단일 유형을 자동 제안할 수 없음,일상대화,APPROVED,pearseona,개인 간 대화
tpl_19a937ca4936,좋아ㅋㅋ. 카이막 먹어보고 나서 후기 말해줘.,1,1,19a937ca4936ac1384f70666640ea89db38a00cda523629f316e73566c86e881,일상대화,original,기타정상,명확한 단일 유형을 자동 제안할 수 없음,일상대화,APPROVED,pearseona,개인 간 대화
tpl_1c0aaa52af09,나도 100% 동감. 쫌쫌따리긴 하지만 이번 라면 가격 인하가 그 계기가 되길 바라고 있음!,1,1,1c0aaa52af0969b88856a21bb42a468113cc4a0f27d8adcc49cf321320ac0a16,일상대화,original,기타정상,명확한 단일 유형을 자동 제안할 수 없음,일상대화,APPROVED,pearseona,개인 간 대화
tpl_1cff6e040fb4,난 똥손이라 만들어 먹진 못할 것 같고... 어디서 사먹을 수 있음?,1,1,1cff6e040fb461bf49ebeefd8a881c81063858886e90d7aca0232e70437fbc75,일상대화,original,기타정상,명확한 단일 유형을 자동 제안할 수 없음,일상대화,APPROVED,pearseona,개인 간 대화
tpl_1e1bca0b67e5,헐랭. 너무 좋다~. 아시안게임 대표팀에는 언제 합류한대?,1,1,1e1bca0b67e5836680f7d937566931992f6a174fe651f5dbbed1624a78a727ce,일상대화,original,기타정상,명확한 단일 유형을 자동 제안할 수 없음,일상대화,APPROVED,pearseona,개인 간 대화
tpl_1f052ab4586c,오늘 저녁 뭐 먹을까 고민중,1,1,1f052ab4586c32bdd4bab5cf260ad3d4e7041e755221fbe164f339c05d0c3994,일상대화,original,기타정상,명확한 단일 유형을 자동 제안할 수 없음,일상대화,APPROVED,pearseona,개인 간 대화
tpl_1f4fe57afe9d,인도 여행 어때? 태계일주 보니까 재밌어 보이던데.,1,1,1f4fe57afe9da9182c20e6c8c424e7be1d7bb04d75b9cbc7b59293afe8e2fb81,일상대화,original,기타정상,명확한 단일 유형을 자동 제안할 수 없음,일상대화,APPROVED,pearseona,개인 간 대화
tpl_1fcce34c375e,이따 카페에서 볼까?,1,1,1fcce34c375e6523f20f057f8c77790440f471a6cb2d5a6d445cb2fc01fa5024,일상대화,original,기타정상,명확한 단일 유형을 자동 제안할 수 없음,일상대화,APPROVED,pearseona,개인 간 대화
tpl_1fe36ae24d26,ㅇㅈ. 나도 다음에 여행 가면 인도로 갈 거임!,1,1,1fe36ae24d263143655e6255f205d25185df8214a2bd74e728e1f6bbe8f0e31d,일상대화,original,기타정상,명확한 단일 유형을 자동 제안할 수 없음,일상대화,APPROVED,pearseona,개인 간 대화
tpl_21514a9a939e,얘기 들으니까 군침 도네ㅋㅋ.,1,1,21514a9a939e642ee85898e00fad7599a002dfce65817f5671aed8e61542cf67,일상대화,original,기타정상,명확한 단일 유형을 자동 제안할 수 없음,일상대화,APPROVED,pearseona,개인 간 대화
tpl_22233f743d0a,글쿤 ㅎㅎ. 지금 그럼 우주 어디에 있는 거?,1,1,22233f743d0a45f1fa694381da9eba58798d2b77088077649e9f57ebe8493786,일상대화,original,기타정상,명확한 단일 유형을 자동 제안할 수 없음,일상대화,APPROVED,pearseona,개인 간 대화
tpl_24838bb15662,너 동생 말하는겨ㅋㅋ? 나이차가 많이 나니까 이해하기 힘들 수도 있지ㅋㅋ.,1,1,24838bb1566216fe6b9a78f217362500e1bcabfe51dae3651d68f1a205b5016f,일상대화,original,기타정상,명확한 단일 유형을 자동 제안할 수 없음,일상대화,APPROVED,pearseona,개인 간 대화
tpl_25f2a1bf431c,"진짜 설렌다.. 이강인 선수가 뛰어난 선수라고 하던데, 실력이 어느 정도야?",1,1,25f2a1bf431cec88c479a438086e0bed90fbc590ca315d70309f0311df20020f,일상대화,original,기타정상,명확한 단일 유형을 자동 제안할 수 없음,일상대화,APPROVED,pearseona,개인 간 대화
tpl_27306066a037,육풍신부점 입니다 12일(토) 저녁5시에 가게로 오세요 수고하세요.,1,1,27306066a0371a45533d6217c0c4c36a64678d736cf406d90c9be89ff77afe14,기타정상,original,기타정상,명확한 단일 유형을 자동 제안할 수 없음,기타정상,APPROVED,pearseona,특정 정상 유형에 해당하지 않는 안내
tpl_27c19f79cd02,오랜만이다ㅋㅋ 잘 지내?,1,1,27c19f79cd023c60de983ed057814585581197d1d4053bc7a8747423dd1caf4d,일상대화,original,기타정상,명확한 단일 유형을 자동 제안할 수 없음,일상대화,APPROVED,pearseona,개인 간 대화
tpl_29938610337a,오늘 날씨 진짜 좋다 산책이나 할까,1,1,29938610337adeb9f8b663bb03ede942d751138ee60f4265b65bd2788a86ed3b,일상대화,original,기타정상,명확한 단일 유형을 자동 제안할 수 없음,일상대화,APPROVED,pearseona,개인 간 대화
tpl_29fbbd1a61dc,"[Web발신] [TOPCIT] 05.16(토) 9시10분까지 배정 고사실 도착바랍니다. ※ 신분증, 수험표 필수 지참 및 응시자유의사항 필독, 9시 10분 이후 고사실 입실 불가",1,1,29fbbd1a61dcc45e238443102a669e291dbb81a2a857f24ebdc3646686c49fed,기타정상,original,기타정상,명확한 단일 유형을 자동 제안할 수 없음,기타정상,APPROVED,pearseona,특정 정상 유형에 해당하지 않는 안내
tpl_2a84843ef0d1,가격도 나쁘지 않네ㅋㅋ. 당장 카이막 맛집 검색해 봐야겠어.,1,1,2a84843ef0d1bddc907f39596cd45537159aa56de86d906888dfae0373ae88be,일상대화,original,기타정상,명확한 단일 유형을 자동 제안할 수 없음,일상대화,APPROVED,pearseona,개인 간 대화
tpl_2dd0ed873759,"미국항공우주국이 유럽우주국, 캐나다우주국이랑 협력해서 설계랑 개발함 ㅎㅎ.",1,1,2dd0ed87375938a736264bbf4ef7c465c0b38f416a896dc0a597b5bd2bd2d22a,일상대화,original,기타정상,명확한 단일 유형을 자동 제안할 수 없음,일상대화,APPROVED,pearseona,개인 간 대화
tpl_2fa8cd4ab036,너 말처럼 식품 가격만이라도 좀 내려가면 살만할 것 같은데...요즘 런치플레이션도 심각하고 ㅠㅠ.,1,1,2fa8cd4ab036247743cf41c88548580b91e22ee723c2999aad1a144eeb6d46df,일상대화,original,기타정상,명확한 단일 유형을 자동 제안할 수 없음,일상대화,APPROVED,pearseona,개인 간 대화
tpl_30aa69504beb,야 오늘 게임 한판 하자,1,1,30aa69504beb9a59482f577de2e9dd844edba745b45ebbc6a89c239c41ee1f5e,일상대화,original,기타정상,명확한 단일 유형을 자동 제안할 수 없음,일상대화,APPROVED,pearseona,개인 간 대화
tpl_31f528c2be28,[Web발신] 충주 ***변원 검진센터입니다. 검진결과 나왔으니 찾아가시기 바랍니다. 감사합니다.,1,1,31f528c2be28b050ec1569e00463eb09deb4f26fa841a18860b8f2fde9091cb9,기타정상,original,기타정상,명확한 단일 유형을 자동 제안할 수 없음,기타정상,APPROVED,pearseona,특정 정상 유형에 해당하지 않는 안내
tpl_323eb6cfe537,엄청나네. 그거 말고도 한국 드라마나 콘텐츠도 유행이야?,1,1,323eb6cfe5370f66a50ca0fd5a7a8424bd729c9057d163470162bff008065973,일상대화,original,기타정상,명확한 단일 유형을 자동 제안할 수 없음,일상대화,APPROVED,pearseona,개인 간 대화
tpl_330d6bc0ec64,날씨도 좋은데 어디 놀러가면 짜짜 좋을 텐데 너희들은 어디 놀러 안 가?,1,1,330d6bc0ec647b5fba27876d80cdef79765306f85437ab452ffd6dad32a46bdc,일상대화,original,기타정상,명확한 단일 유형을 자동 제안할 수 없음,일상대화,APPROVED,pearseona,개인 간 대화
tpl_3311c1d93d93,"최근 경기에서 왼쪽 대퇴사두근을 다쳐서 9월 영국에서 열린 A매치 웨일스, 사우디 아라비아 2연전에 결장했었엉.",1,1,3311c1d93d93cb5f10443da906257614c6ead8ee3de6573f26547509ae5209cd,일상대화,original,기타정상,명확한 단일 유형을 자동 제안할 수 없음,일상대화,APPROVED,pearseona,개인 간 대화
tpl_3364a7396e2c,오*클피부과 [Web발신] 오*클피부과 성*점 ★★여름휴가  휴진안내★★ 7월30일(수)~8월2일(토)까지 여름휴가로 휴진합니다. 8월4일(월)부터 정상진료하오니 내원에 참고해 주세요. 진료에 불편을 드려 죄송합니다.,1,1,3364a7396e2c62b05bce5f42c49fc9697859159b21dbe384d9932e592de43e9f,기타정상,original,기타정상,명확한 단일 유형을 자동 제안할 수 없음,기타정상,APPROVED,pearseona,특정 정상 유형에 해당하지 않는 안내
tpl_336f2ea0bca9,진짜야? 몽골에도 한국 문화가 엄청난가 봐?,1,1,336f2ea0bca911f36db33934af9478bdfda1660eef31b80671f00b237d0026f3,일상대화,original,기타정상,명확한 단일 유형을 자동 제안할 수 없음,일상대화,APPROVED,pearseona,개인 간 대화
tpl_338a125a2c7e,[Web발신] 모스시 C반 공지. 내일 오전 9시반에 수업있습니다. 1시긴정도 수업합니다. 황*태교수,1,1,338a125a2c7e9bac3aa623fc0d4a5c57fad9eabe480ac9dedfb1b9c53ffcdb31,기타정상,original,기타정상,명확한 단일 유형을 자동 제안할 수 없음,기타정상,APPROVED,pearseona,특정 정상 유형에 해당하지 않는 안내
tpl_340643ac085f,민*님 주의사항 보내드려요! 불편한 점 있으면 언제든 연락주세요~!,1,1,340643ac085f401dad843c15572b1f5e9d150c89a13a0c90a4002bd8437eb127,기타정상,original,기타정상,명확한 단일 유형을 자동 제안할 수 없음,기타정상,APPROVED,pearseona,특정 정상 유형에 해당하지 않는 안내
tpl_37066b8b214b,단언컨대 키링이 가장 유행하고 있음ㅋㅋ. 초등학생은 물론이고 어른들도 키링 진짜 많이 구매함...,1,1,37066b8b214b607a0acb56926543b03f09e1b11afc0c52709d9b61f5bb4ebbfc,일상대화,original,기타정상,명확한 단일 유형을 자동 제안할 수 없음,일상대화,APPROVED,pearseona,개인 간 대화
tpl_37474d08d706,일상에 지쳐 있다가도 재밌게 여행다니는 거 보면 너무 좋아.,1,1,37474d08d7062e7a6f3d7419419b286d2eff25617e96a9f3e1f2d06cf5858588,일상대화,original,기타정상,명확한 단일 유형을 자동 제안할 수 없음,일상대화,APPROVED,pearseona,개인 간 대화
tpl_383ae02c9a3f,오... 키링이 갑자기 왜 유행하고 있는거임?,1,1,383ae02c9a3f76df11b9af58e3b9290c8dc9fe36a8b156e5d39e84293e13fbe3,일상대화,original,기타정상,명확한 단일 유형을 자동 제안할 수 없음,일상대화,APPROVED,pearseona,개인 간 대화
tpl_38e8b37a3a77,무족권 봐야지. MBC에서 방송 하니까 이번 주에 꼭 봐.,1,1,38e8b37a3a7748541b8dff60ca5f4ff25b9e09c9869e3781d376249e1106fdc2,일상대화,original,기타정상,명확한 단일 유형을 자동 제안할 수 없음,일상대화,APPROVED,pearseona,개인 간 대화
tpl_397f7b41ebfe,우리 이번 주말에 등산 갈까?,1,1,397f7b41ebfebb20c9fb576dbb8a5b377c28b5fecb3960ed8402eecce5c697f4,일상대화,original,기타정상,명확한 단일 유형을 자동 제안할 수 없음,일상대화,APPROVED,pearseona,개인 간 대화
tpl_3a6d89a14192,"지역 유망 예술가 발굴 프로젝트 시리즈로, 10월에 시작돼. 지역 예술가들의 공연인만큼 더욱 기대돼!",1,1,3a6d89a14192f975036c05dfb3805f9dd5d60bb204e49af34bea05102d990f76,일상대화,original,기타정상,명확한 단일 유형을 자동 제안할 수 없음,일상대화,APPROVED,pearseona,개인 간 대화
tpl_3b777d3dcbe4,"엥, 왜 PSG랑 협의를 해? 선수가 아시안게임에 자국 국가대표로 출전하는 거면 무조건 차출 해야 하는 거 아님?",1,1,3b777d3dcbe4123c9beab7a4f1e6f039244e7b2014f9b1032e3a972270c131f1,일상대화,original,기타정상,명확한 단일 유형을 자동 제안할 수 없음,일상대화,APPROVED,pearseona,개인 간 대화
tpl_3c25f5477084,"권은지 대표가 주최한 거라고 하더라. 권은지, 김은주, 홍재완, 정세영, 우창훈, 안다영 등이 연주할 거래.",1,1,3c25f5477084e2c54eb6676b971663a70418a8f228670032ed46722988a97bfc,일상대화,original,기타정상,명확한 단일 유형을 자동 제안할 수 없음,일상대화,APPROVED,pearseona,개인 간 대화
tpl_3e6d4cfe2fc8,드디어 아시안게임 개막했다~. 재밌는 경기 실컷 볼 수 있어서 너무 신나ㅎㅎ.,1,1,3e6d4cfe2fc8f1cce1518622632ea2f3fb5998fd42ee64414e27d84c85f0f35e,일상대화,original,기타정상,명확한 단일 유형을 자동 제안할 수 없음,일상대화,APPROVED,pearseona,개인 간 대화
tpl_40effa08f76d,맞아. 1990년 한-몽 양국 수교 이후 한국 드라마가 방영되면서 엄청난 인기를 끌게 되었대.,1,1,40effa08f76d5f67a25a0c0369c47e88bc4358eafe60b72c8314f986459ecb8d,일상대화,original,기타정상,명확한 단일 유형을 자동 제안할 수 없음,일상대화,APPROVED,pearseona,개인 간 대화
tpl_4179f54dfe26,안녕하세요 엽떡입니다 😊 비할증으로 추가배달비 500원 발생해서 총 18500원입니다 번거롭게 해드려 죄송합니다 ㅜㅜ,1,1,4179f54dfe26365994664664a8621684d1b47818b3588d81bd890449acf218ee,기타정상,original,기타정상,명확한 단일 유형을 자동 제안할 수 없음,기타정상,APPROVED,pearseona,특정 정상 유형에 해당하지 않는 안내
tpl_44ac70c22435,"오호, 집 올라오는 길에 사서 차에서 먹어야겠다 ㅎㅎ.",1,1,44ac70c22435964a956e8332fbac2a1a4f66d2c0d7cb8a99f3c72ea159ff15fe,일상대화,original,기타정상,명확한 단일 유형을 자동 제안할 수 없음,일상대화,APPROVED,pearseona,개인 간 대화
tpl_459f91d709a6,"거기에 선봉국수집이 있는데, 멸치국수랑 비빔국수 팔거든. 진짜 별미야.",1,1,459f91d709a6bb14924f640205afe1652a45c18a6b3a5aff6881e7f6f62805a9,일상대화,original,기타정상,명확한 단일 유형을 자동 제안할 수 없음,일상대화,APPROVED,pearseona,개인 간 대화
tpl_46c8caa87276,알겠어. 여러 가지 다양한 콘서트가 있어서 좋네. 뭐가 또 있을까 궁금해.,1,1,46c8caa872762ad9a7ed9a0205217fe0744867fc655e350a89a1d1e3935983eb,일상대화,original,기타정상,명확한 단일 유형을 자동 제안할 수 없음,일상대화,APPROVED,pearseona,개인 간 대화
tpl_496ca0b47424,다음 주에 시간 되면 얼굴 한번 보자,1,1,496ca0b47424b1765fe4e666abca2981143b62394101d3851c7a61150ebc7024,일상대화,original,기타정상,명확한 단일 유형을 자동 제안할 수 없음,일상대화,APPROVED,pearseona,개인 간 대화
tpl_497a4125d43a,"국민비서에서 안내드립니다. [Web발신] [질병관리청] 코로나19 백신 3차접종 안내 박*정님은 코로나19 백신 3차접종 대상이십니다. 코로나19를 예방하고, 감염시 중증·사망 위험을 줄이기 위해 2차접종 후‘3개월(90일)’이 지나면 3차접종을 받으셔야 합니다. 아래와 같이 예약하거나 의료기관에 문의 후 3차접종을 꼭 받아주시기 바랍니다 - 예약: 12월 13일(월)부터 사전예약누리집(ncvr.kdca.go.kr)에서 예약 - 접종일: 2차접종일에서 90일 이후(예약일 기준 이틀 후 날짜부터 선택 가능) * 60세 이상 어르신은 예약 없이도 의료기관에 방문하여 접종 가능(의료기관에 접종 여부(휴진 등) 확인, 방문시 신분증 지참) 박*정님의 건강과 안전을 위해 빠른 시일 내에 3차접종을 받아 주시기 바랍니다. 감사합니다.",1,1,497a4125d43a77d0a81bfb61833ed65e914ccc66ea754b08479a58cf570d41b1,기타정상,original,기타정상,명확한 단일 유형을 자동 제안할 수 없음,정상공공기관알림,APPROVED,pearseona,공공기관 발신 안내
tpl_4a805d171ae5,삼귀는 사이랑 같이 갈거임 ㅋㅋ. 백종원 예산시장 얘기하려는 거지? 거기 가봤어?,1,1,4a805d171ae5a2408af652cca1360c3fb96f7105e02ab48bcf8eb4eb7455a62f,일상대화,original,기타정상,명확한 단일 유형을 자동 제안할 수 없음,일상대화,APPROVED,pearseona,개인 간 대화
tpl_4af3dec38107,[Web발신][LGU+]해이ㅗ에서 데이터 서비스 이용이 차단되었습니다. (MMS 수/발신은 이용,1,1,4af3dec3810700b693d758bc58550d2a514ebcc887cd4c3b30d1fec489c4bda2,기타정상,original,기타정상,명확한 단일 유형을 자동 제안할 수 없음,기타정상,APPROVED,pearseona,특정 정상 유형에 해당하지 않는 안내
tpl_4c134bbea200,나도 한번 봐야겠는걸? 어디에서 볼 수 있어?,1,1,4c134bbea200a40d01e47912d3654b986521efabfb5db11f5c82543798af7223,일상대화,original,기타정상,명확한 단일 유형을 자동 제안할 수 없음,일상대화,APPROVED,pearseona,개인 간 대화
tpl_4c7fda436b34,그래? 난 티비를 잘 안 봐서 몰랐지ㅋㅋ. 그럼 거기서 여행은 누가 가?,1,1,4c7fda436b34ccf88385386c0d404cb1c55cf48ec819328e6762eb1c7fa400d8,일상대화,original,기타정상,명확한 단일 유형을 자동 제안할 수 없음,일상대화,APPROVED,pearseona,개인 간 대화
tpl_4dc4fd34aa44,요즘 바빠서 연락 못했다 미안,1,1,4dc4fd34aa4483d0b26a32b1aa0cc4945454701fa2969fa81c14960c23577e8f,일상대화,original,기타정상,명확한 단일 유형을 자동 제안할 수 없음,일상대화,APPROVED,pearseona,개인 간 대화
tpl_4f3d089d5282,장난이 아니구나. 이렇게 갑자기 유행하는 이유가 뭐지?,1,1,4f3d089d5282f4d469d6da093ccf897cbcbd11389db14f6d860fffd22f67b26f,일상대화,original,기타정상,명확한 단일 유형을 자동 제안할 수 없음,일상대화,APPROVED,pearseona,개인 간 대화
tpl_51ca4ada569e,알겠어ㅋㅋ. 내가 꼭 보고 나서 너희들한테 제일 먼저 알려줄게.,1,1,51ca4ada569ec3290d4d43a3e0df9494795604a0839b8f3c7c70a8d2e02837e6,일상대화,original,기타정상,명확한 단일 유형을 자동 제안할 수 없음,일상대화,APPROVED,pearseona,개인 간 대화
tpl_52b243ae5b2c,"국민비서에서 안내드립니다. [Web발신] [정부24] 민원처리 안내 김*현님의 민원이 [신청]되었습니다. ■ 신청 내용 민원명 : 주민등록표 등본(초본) 발급 신청일자 : 2023년 09월 22일 민원신청번호 : 202***22990***13-00* 처리기관명 : 충**도 안*시 행정안전국 자치민원과 처리기관 전화번호 : 0*1-521-*327 ▶ 상세확인 : 정부24 → MyGOV → 서비스 신청내역에서 확인 가능. 「정부24」는 신속하고 편리한 민원처리를 위해 최선을 다하겠습니다. - 궁금하신 사항은 자주묻는 질문을 이용해 주시기 바랍니다. ※ 타인 관련 내용을 수신한 경우, 정부24콜센터로 문의하세요 ■ 문의전화☏ 정부24 문의 : 1**8-21**",1,1,52b243ae5b2c5906b0f4edf3661eb1c72f176d74dfc9b8c8858fdd93929dae64,기타정상,original,기타정상,명확한 단일 유형을 자동 제안할 수 없음,정상공공기관알림,APPROVED,pearseona,공공기관 발신 안내
tpl_547ac5870e2c,"최근 물가가 너무 많이 오르니까 정부가 대표 서민 식품인 라면만큼은 가격을 내릴 필요성이 있다고 거듭 언급하면서 빅4 라면업체인 농심, 오뚜기, 삼양, 팔도가 7월 1일부터 라면 가격을 낮췄거든!",1,1,547ac5870e2c7246cd96dff3aa538c7148343c6d0fed5344aa621024104cd106,일상대화,original,기타정상,명확한 단일 유형을 자동 제안할 수 없음,일상대화,APPROVED,pearseona,개인 간 대화
tpl_5580c99edd32,"[Web발신] 안녕하십니까? 질병관리본부(콜센터☎1339)에서 감염병 정보를 안내해드립니다. 본 문자는 최근 지카바이러스 감염증 발생 국가를 방문한 국민에게 발송되는 문자입니다. 여행 후 2주 이내에 발진과 함께 관절통, 근육통, 결막염 등 증상이 있을 경우 '질병관리본부 콜센터 1339'로 신고하여 주시기 바라며, 의료기간에 방문하여 해외여행 이력을 말씀하신 후 진료를 받으시기 바랍니다. 발생 국가를 여행한 임신부의 경우 산부인과 전문의 상담이 필요합니다. 국민 여러분의 적극적인 협조 당부드립니다. ※ 해외여행 후 1개월 간 헌혈 금지, 2개월 간 콘돔 사용(배우자가 임신 중일 경우 임신기간 전체) ※ '감염병의 예방 및 관리에 관한 법률' 제 76조의2 제5항에 의거 귀하의 해외여행 이력은 의료기관에 전달되어 진료 시 참고가 되고 있으며, 관련 정보는 감염병 예방 및 관리의 목적으로만 활용되며 잠복기(14일) 경과 후 즉시 파기 됩니다.",1,1,5580c99edd3218684721ed377d478d39496755e1956427c69ec48ccedee48db8,기타정상,original,기타정상,명확한 단일 유형을 자동 제안할 수 없음,정상공공기관알림,APPROVED,pearseona,공공기관 발신 안내
tpl_5719ad163e2e,"[스파클] 주문하신 상품 경비실에 맡겨두었습니다. 늘 건강하시고, 스파클 마시고 행복한 하루되세요. 감하삽니다(^^)",1,1,5719ad163e2e66c931c6c8543e5bf4a9a93539ccb9a6f491640c5f22b3ad2cd4,기타정상,original,기타정상,명확한 단일 유형을 자동 제안할 수 없음,정상택배배송안내,APPROVED,pearseona,배송 상태·수령 안내
tpl_5788ba18aef4,여기는 훨씬 많은 제품을 인하했네 ㄷㄷ. 팔도의 경우는 어때?,1,1,5788ba18aef47f24a0165795eae832eb7598854c5703e8497c5bc65dda02a50c,일상대화,original,기타정상,명확한 단일 유형을 자동 제안할 수 없음,일상대화,APPROVED,pearseona,개인 간 대화
tpl_57cffe9714b1,헐.. 몸 상태는 괜찮은가ㅠㅠ. 아시안게임에서는 다치지 않았음 좋겠다ㅠㅠ.,1,1,57cffe9714b1345b9f2cd6377ae3c0b4151905a733861cbbeb51134a078e46e0,일상대화,original,기타정상,명확한 단일 유형을 자동 제안할 수 없음,일상대화,APPROVED,pearseona,개인 간 대화
tpl_5a40c3f63bec,"빅뱅에 의한 것으로 추정되는 우주의 탄생이랑 기원을 이해할 수 있도록 과학적 관측 자료를 모으는 거 ㅎㅎ. 나사에 따르면 초기의 우주, 은하의 변천, 항성의 생명주기, 외계의 발견 까지 총 4가지 테마로 주요 관측 활동이 이뤄진대.",1,1,5a40c3f63bec6e17241934bb1eaa1f04034fab09c6fc824f10926c01fc71e43d,일상대화,original,기타정상,명확한 단일 유형을 자동 제안할 수 없음,일상대화,APPROVED,pearseona,개인 간 대화
tpl_5c5479d81f02,그렇구낭. 혹시 최근에 부상을 입었다거나 하진 않았지?,1,1,5c5479d81f028e8c080726f771347387722f0274578c15d79ac39b123e5f6fee,일상대화,original,기타정상,명확한 단일 유형을 자동 제안할 수 없음,일상대화,APPROVED,pearseona,개인 간 대화
tpl_5d9ba9d968cb,너도 귀여운 키링 사서 가방에 달고 다녀ㅋㅋ.,1,1,5d9ba9d968cbdabd9b4195fa75f26fda3999f6975a0132673bc7f6f3166a03dd,일상대화,original,기타정상,명확한 단일 유형을 자동 제안할 수 없음,일상대화,APPROVED,pearseona,개인 간 대화
tpl_5f3a11655d81,이강인 선수는 2019년 국제축구연맹 20세 이하 월드컵 준우승을 이끌며 대회 최우수선수에게 주는 골든볼을 수상한 전적이 있어. 그만큼 실력이 뛰어난 선수임.,1,1,5f3a11655d8186c91d23c63b75028732eae5a0a84079196553c3050b3f5d713f,일상대화,original,기타정상,명확한 단일 유형을 자동 제안할 수 없음,일상대화,APPROVED,pearseona,개인 간 대화
tpl_6027c81ed0a6,"[Web발신] [신한카드,내부통지] OTP 이용으로 '스미싱예방서비스'가 해지되었습니다.",1,1,6027c81ed0a6e4c34bff7c53517ee0082b51f818ecd4ba42383e812c2e536894,기타정상,original,기타정상,명확한 단일 유형을 자동 제안할 수 없음,정상금융알림,APPROVED,pearseona,은행·금융기관 발신 계좌·서비스 알림
tpl_60aced738636,그리고 그릭요거트 처럼 질감이 꾸덕해서 빵이나 크래커랑 같이 먹으면 잘 어울려ㅋㅋ.,1,1,60aced738636c31917e9dc613957ed3c0d5963a2aa417b94ab6cf430610891b1,일상대화,original,기타정상,명확한 단일 유형을 자동 제안할 수 없음,일상대화,APPROVED,pearseona,개인 간 대화
tpl_62c92bf8de0a,그럼 누가 공연을 하는 거지?,1,1,62c92bf8de0a2c156699eadec10c64deb621600a03054e382243edfc2439635a,일상대화,original,기타정상,명확한 단일 유형을 자동 제안할 수 없음,일상대화,APPROVED,pearseona,개인 간 대화
tpl_67d4419ebf73,11월에는 재패니메이션 OST 콘서트가 열려. 애니메이션 음악 좋아하는 사람에게는 참 좋은 기회일 거야.,1,1,67d4419ebf73e190f9269eba71b37e3c3fba296655405d8c0b0cb44facc2f37e,일상대화,original,기타정상,명확한 단일 유형을 자동 제안할 수 없음,일상대화,APPROVED,pearseona,개인 간 대화
tpl_6b818d1bcc88,[천안서울안과] [Web발신] 000님의 생일을 진심으로 축하드립니다. 항상 즐겁고 행복한 시간 보내시긴 바랍니다. 천안서울안과,1,1,6b818d1bcc889de492158cbb27cc6fead5196d4d92e194550c0617b9ea94c9ce,기타정상,original,기타정상,명확한 단일 유형을 자동 제안할 수 없음,기타정상,APPROVED,pearseona,특정 정상 유형에 해당하지 않는 안내
tpl_6e612a61882b,트렌드를 이끄는 제니가 키링을 가방에 달았다고 하니까 나도 하고 싶어지네...,1,1,6e612a61882b25b07870c807c306a2e7386884c9365a77e5b9920e0e6d9b3535,일상대화,original,기타정상,명확한 단일 유형을 자동 제안할 수 없음,일상대화,APPROVED,pearseona,개인 간 대화
tpl_6f15f28ab517,처음엔 좀 실망했는데 그 이야기를 들으니 나름 합리적인 것 같네 ㅇㅇ. 아무튼 빨리 물가가 안정되어서 힘든 일이 없었으면 좋겠어 ㅠㅠ.,1,1,6f15f28ab51707a01eece16b101f17e8de759d6fc25e335deb7308157fd0b636,일상대화,original,기타정상,명확한 단일 유형을 자동 제안할 수 없음,일상대화,APPROVED,pearseona,개인 간 대화
tpl_6fa1e69a8254,오 그래? 라면 가격은 갑자기 왜 내려 간거야?,1,1,6fa1e69a8254be7c75cd5e96b48c258fa15c39fb1195f102b78555f5cc7f9911,일상대화,original,기타정상,명확한 단일 유형을 자동 제안할 수 없음,일상대화,APPROVED,pearseona,개인 간 대화
tpl_70fc743b6c40,오... 꿀맛이겠다ㅠㅠ. 나 그릭요거트도 엄청 좋아하는데!,1,1,70fc743b6c40fb7f712a1b968a2aed72b0b2086796ed236f2b955dce428807e0,일상대화,original,기타정상,명확한 단일 유형을 자동 제안할 수 없음,일상대화,APPROVED,pearseona,개인 간 대화
tpl_740f666aa55b,그러게. 다음에 만들어서 먹거나 사서 먹어봐!,1,1,740f666aa55ba32be0a4497f55b68d7252b36af6a7f6b007a5dba150c343a141,일상대화,original,기타정상,명확한 단일 유형을 자동 제안할 수 없음,일상대화,APPROVED,pearseona,개인 간 대화
tpl_742a7d7f9ed7,"[Web발신] [NH농협은행,내부통지] OTP 이용으로 '스미싱예방서비스'가 해지되었습니다.",1,1,742a7d7f9ed7c25982d3ed18249bae522ced2c7d06655df0adeaeff9b4812a98,기타정상,original,기타정상,명확한 단일 유형을 자동 제안할 수 없음,정상금융알림,APPROVED,pearseona,은행·금융기관 발신 계좌·서비스 알림
tpl_77278a2e5683,아..그렇구낭. 어쨌든 이강인 선수가 황선홍호에 합류해서 너무 다행이다ㅠㅠ.,1,1,77278a2e5683eafd5419c0275eb61bd2678328fca4fd4d5934aed15d50930fca,일상대화,original,기타정상,명확한 단일 유형을 자동 제안할 수 없음,일상대화,APPROVED,pearseona,개인 간 대화
tpl_78262fdf9fde,나도 팬임ㅋㅋ. 근데 영상 보고 나서 기안84도 팬이 돼 버렸어.,1,1,78262fdf9fdeb08e69c258e8effe297885de8fd6679704e0e24e6fd6b58dd173,일상대화,original,기타정상,명확한 단일 유형을 자동 제안할 수 없음,일상대화,APPROVED,pearseona,개인 간 대화
tpl_79f9661919d5,일단 반사경이 허블 망원경 직경보다 3배 더 커. 6.5m나 됨. 이거 덕분에 분해 능력이 더 좋아.,1,1,79f9661919d5f78c3246a4ea5bb5bc33ba4b9594a619197c1799297552786111,일상대화,original,기타정상,명확한 단일 유형을 자동 제안할 수 없음,일상대화,APPROVED,pearseona,개인 간 대화
tpl_79fdeed36aa7,"[Web발신] [카카오뱅크,내부통지] OTP 이용으로 '스미싱예방서비스'가 해지되었습니다.",1,1,79fdeed36aa7c05d7d9b2d80c4cdb1326f812e59b472b6b7d71590e2ff58a371,기타정상,original,기타정상,명확한 단일 유형을 자동 제안할 수 없음,정상금융알림,APPROVED,pearseona,은행·금융기관 발신 계좌·서비스 알림
tpl_7a8f337f72c9,오 굿이네. 예산시장 주차장은 어때? 괜찮아?,1,1,7a8f337f72c98d7881a78e8cef3f18ef1d9b0aeeb34c7decfde1170dcb2f7a61,일상대화,original,기타정상,명확한 단일 유형을 자동 제안할 수 없음,일상대화,APPROVED,pearseona,개인 간 대화
tpl_7b0fa86ddd02,ㅎㅎ나도 그래. 어떤 꾸르잼 경기를 볼 수 있을지 너무 기대된다.,1,1,7b0fa86ddd02acd80b5d66ffb2609681e984678c71ae0b3f0f6ce849388202d0,일상대화,original,기타정상,명확한 단일 유형을 자동 제안할 수 없음,일상대화,APPROVED,pearseona,개인 간 대화
tpl_7e803a109f40,말모. 우리나라가 지속적으로 다른 나라에 영향을 끼치면 참 좋겠어.,1,1,7e803a109f408087cdb6cfd6bf68485ec85ef31a3c21a0e46408fdc145c60722,일상대화,original,기타정상,명확한 단일 유형을 자동 제안할 수 없음,일상대화,APPROVED,pearseona,개인 간 대화
tpl_7f026e83ae96,심심한데 통화 가능?,1,1,7f026e83ae96282123d3df4b4a085163beee862e82075cb28d1b51fa949bf22c,일상대화,original,기타정상,명확한 단일 유형을 자동 제안할 수 없음,일상대화,APPROVED,pearseona,개인 간 대화
tpl_7fc907ff40a8,맞아. 난 마포 샌드커피 논탄토에서 처음 먹어봤는데 완전 맛있었어ㅋㅋ.,1,1,7fc907ff40a862b9f7c6ea34bc358720b10c020e044006d4bbcbbe90332feb20,일상대화,original,기타정상,명확한 단일 유형을 자동 제안할 수 없음,일상대화,APPROVED,pearseona,개인 간 대화
tpl_80ec9a6262b4,난 축구가 제일 기대돼. 이번 2022 항저우아시안게임에 이강인 선수도 합류한대?,1,1,80ec9a6262b41bb74fd4aad4ca37cb69bbf51f2a32d4b17c14fa4913ed0dffdf,일상대화,original,기타정상,명확한 단일 유형을 자동 제안할 수 없음,일상대화,APPROVED,pearseona,개인 간 대화
tpl_81ede268b7b4,네이버에서 키링 구경이나 해야지ㅋㅋ. 귀여운 거 있으면 바로 구매해야겠다ㅋㅋ.,1,1,81ede268b7b4dd0b1c5adbb70578b843ac3913830837509b0af87d8f114e9f2e,일상대화,original,기타정상,명확한 단일 유형을 자동 제안할 수 없음,일상대화,APPROVED,pearseona,개인 간 대화
tpl_85d5ffc30c98,1번도 안 먹은 사람은 있어도 1번만 먹은 사람은 없대ㅋㅋ.,1,1,85d5ffc30c98a576e4ee63d081e91f22994a43389550110c683538af64e9c8ce,일상대화,original,기타정상,명확한 단일 유형을 자동 제안할 수 없음,일상대화,APPROVED,pearseona,개인 간 대화
tpl_8621a0e991ef,[Web발신] (광고) 글라스스타 백석동입니다. 정기검사 받을시기가 됐습니다 무료수신거부 ***-156-**39,1,1,8621a0e991ef94c147a956420fb536f57728641dc59ca84a7852b5becae4a6a4,기타정상,original,기타정상,명확한 단일 유형을 자동 제안할 수 없음,정상광고프로모션,APPROVED,pearseona,광고·쿠폰·프로모션 안내
tpl_868c8bcd2e5d,요즘 카이막이 핫해서 디저트 카페나 일반 카페에서도 많이 팔아!,1,1,868c8bcd2e5d71324167e64188eafad1c3c6d115ec08d33f87e6c6aa5e52d2fe,일상대화,original,기타정상,명확한 단일 유형을 자동 제안할 수 없음,일상대화,APPROVED,pearseona,개인 간 대화
tpl_88414a670849,너무 다양한 프로그램이 많네. 이건 티켓 언제 예매할 수 있어?,1,1,88414a67084984f916b409e3bc704bd8a39d2b98d954db54a3795da656b526af,일상대화,original,기타정상,명확한 단일 유형을 자동 제안할 수 없음,일상대화,APPROVED,pearseona,개인 간 대화
tpl_8a10480d3660,"[Web발신] [한국맥도날드유한회사] 안녕하세요, [강*우] 님. 정성껏 작성해주신 입사지원서의 접수가 완료되었습니다. 저희 회사의 맥도날드 경*두*역DT점에서 크루를 모집합니다.에 지원해주셔서 진심으로 감사드리며, 전형 결과는 빠른 시일내에 별도로 안내드리겠습니다. 한국맥도날드유한회사 인사팀 드림",1,1,8a10480d36601bb95f55e9060307b80164c2b2bff9e167cdbf229c78df9e1698,기타정상,original,기타정상,명확한 단일 유형을 자동 제안할 수 없음,기타정상,APPROVED,pearseona,특정 정상 유형에 해당하지 않는 안내
tpl_8b2c2657a3db,그럼 갑작스런 유행은 아니고 점점 스며들게 된 거구나.,1,1,8b2c2657a3dbdce16eab281d981ef4075aa33e336c7722cc2f6824166edb2ad3,일상대화,original,기타정상,명확한 단일 유형을 자동 제안할 수 없음,일상대화,APPROVED,pearseona,개인 간 대화
tpl_8d442c40db32,"[Web발신] [토스뱅크,내부통지] OTP 이용으로 '스미싱예방서비스'가 해지되었습니다.",1,1,8d442c40db321b44488e196c9079860eaa7d9f61bf014737581a0b19fa77a370,기타정상,original,기타정상,명확한 단일 유형을 자동 제안할 수 없음,정상금융알림,APPROVED,pearseona,은행·금융기관 발신 계좌·서비스 알림
tpl_8df8048ab943,"[Web발신] [외교부] 대만ㅇ 내 코로나19 감염 확산에 따른 개인 위생주의, 밀집 장소 마스크 학용 예방수칙 준수",1,1,8df8048ab94380d6c2984b161623d1c980cec901df1cbf7b628fe3c6861d840e,기타정상,original,기타정상,명확한 단일 유형을 자동 제안할 수 없음,정상공공기관알림,APPROVED,pearseona,공공기관 발신 안내
tpl_8e7be615a41e,오늘 회식인데 너도 올래?,1,1,8e7be615a41ee7c1d9a183ff0966fa02be2f37d0cc15eac763fe0763f0eddfec,일상대화,original,기타정상,명확한 단일 유형을 자동 제안할 수 없음,일상대화,APPROVED,pearseona,개인 간 대화
tpl_9051e19c4f68,"안녕, 너 이지클래식에서 앙코르 콘서트한다는 거 들었어?",1,1,9051e19c4f680760f3b01ee7588381052957eafe6b5d8769105f54fb8309bf69,일상대화,original,기타정상,명확한 단일 유형을 자동 제안할 수 없음,일상대화,APPROVED,pearseona,개인 간 대화
tpl_90f9886f06fc,그럼 카이막도 아마 좋아할 것 같음ㅋㅋ.,1,1,90f9886f06fc64ce53782b64e743c284265937f5ee39a3163b9496c27688491f,일상대화,original,기타정상,명확한 단일 유형을 자동 제안할 수 없음,일상대화,APPROVED,pearseona,개인 간 대화
tpl_91e21c583f16,태계일주는 태어난 김에 세계일주라는 예능 프로그램을 줄인 말임!,1,1,91e21c583f16abdc42ab8cf4a6c2cdd63c3b80e5f5a2d6d2b0ea765a8f3c2067,일상대화,original,기타정상,명확한 단일 유형을 자동 제안할 수 없음,일상대화,APPROVED,pearseona,개인 간 대화
tpl_9264fbf80751,그야말로 불행 중 다행이네 ㅋㅋ. 농심하면 신라면이 가장 인기 있는데 신라면 가격은 내려 갔으려나?,1,1,9264fbf807518d64347a1a67035e471ffc3edb2eb2215c2d17b39ee5628f2e60,일상대화,original,기타정상,명확한 단일 유형을 자동 제안할 수 없음,일상대화,APPROVED,pearseona,개인 간 대화
tpl_95266279b6cb,10월 21일에는 대구 덕호 문화 센터에서 솔로이스츠 콘서트부터 시작돼. 그리고 11월에는 재패니메이션 OST 콘서트도 있어.,1,1,95266279b6cb07b026952a8ef523d1897a141e4a36851ec4610b93afec3f3726,일상대화,original,기타정상,명확한 단일 유형을 자동 제안할 수 없음,일상대화,APPROVED,pearseona,개인 간 대화
tpl_9549131fbaad,그 정도로 맛있어? 그럼 카이막 가격은 얼마 정도 해?,1,1,9549131fbaad3d165ffa4269912ab9ff988da0d74830956084cb21c43e9ecfad,일상대화,original,기타정상,명확한 단일 유형을 자동 제안할 수 없음,일상대화,APPROVED,pearseona,개인 간 대화
tpl_956f6a3f1e97,[Web발신] 튜톡잉글리쉬: 환불 처리 도와드렸습니다.,1,1,956f6a3f1e97884c8ba70f0a41b6dc23cc8505b5d5a6c9fe8fbf50b55938194c,기타정상,original,기타정상,명확한 단일 유형을 자동 제안할 수 없음,기타정상,APPROVED,pearseona,특정 정상 유형에 해당하지 않는 안내
tpl_95717bed5eab,일요일 저녁에 한 주를 마무리하면서 보기에 딱이네.,1,1,95717bed5eabd63b3290b6aa75dc43f9e7a08431f602dc3cd46f6ebf4f7b9952,일상대화,original,기타정상,명확한 단일 유형을 자동 제안할 수 없음,일상대화,APPROVED,pearseona,개인 간 대화
tpl_9a5486486b4b,"히사이시조의 영화음악부터 기쿠지로의 여름, 하나비, 키즈리턴 같은 드라마음악도 준비됐대.",1,1,9a5486486b4b7767a8fa979f7095affef720529ee4bc714f8975dc25f1c0d19d,일상대화,original,기타정상,명확한 단일 유형을 자동 제안할 수 없음,일상대화,APPROVED,pearseona,개인 간 대화
tpl_9a7703198c84,지구에서 150만km가량 떨어진 곳에 있어 ㅎㅎ.,1,1,9a7703198c8425448ed96f03f9a7f30060a7c3d376eee64776e284a781bded93,일상대화,original,기타정상,명확한 단일 유형을 자동 제안할 수 없음,일상대화,APPROVED,pearseona,개인 간 대화
tpl_9bdc1fc1cdde,"[Web발신] [신한은행,내부통지] OTP 이용으로 '스미싱예방서비스'가 해지되었습니다.",1,1,9bdc1fc1cddea6433ca07b8281d257d5a2f0067dbd2d39f09a39bafbda2bd4be,기타정상,original,기타정상,명확한 단일 유형을 자동 제안할 수 없음,정상금융알림,APPROVED,pearseona,은행·금융기관 발신 계좌·서비스 알림
tpl_9dcd508385ea,카이막은 우유의 지방을 모아서 굳혀서 크림처럼 만든 일종의 유제품이야.,1,1,9dcd508385eaacc630f2dd8e009a2e7205d0b01c7d33adb2ac78e4ef69ae82d7,일상대화,original,기타정상,명확한 단일 유형을 자동 제안할 수 없음,일상대화,APPROVED,pearseona,개인 간 대화
tpl_9fee15c3ca4c,"비밀번호 변경 [Web발신] [토스] 채*원님의 토스 계정 비밀번호가 바뀌었어요. 직접 바꾼 것이 아니거나, 금융 기관을 사칭한 곳에서 토스 가입을 권유 받았다면 토스 고객센터로 신고해 주세요. (02-1599-****, 24시간 운영) 2025-08-02 15:49",1,1,9fee15c3ca4caeae00867a6712fca417bcf361961c8075ca1aaa8f0fe15fa805,기타정상,original,기타정상,명확한 단일 유형을 자동 제안할 수 없음,정상인증알림,APPROVED,pearseona,계정 보안 알림. 금융 알림이 아닌 인증 알림으로 분류
tpl_a06248a1548c,수원 영통에서 예산시장까지 85km밖에 안걸려. 안막히면 1시간 15분이면 가더라.,1,1,a06248a1548c8d7ccf0fdd6bb4d21fa461deaa4b5adce94f4ebf286b81f86698,일상대화,original,기타정상,명확한 단일 유형을 자동 제안할 수 없음,일상대화,APPROVED,pearseona,개인 간 대화
tpl_a07e0d0ff802,맞아. 스트리트푸드파이터에서 백종원이 먹은 이후에 인기 많아졌지ㅋㅋ.,1,1,a07e0d0ff8028e1ba3d5394e7c5383a7091cd0e952eb20e649de091114f4e492,일상대화,original,기타정상,명확한 단일 유형을 자동 제안할 수 없음,일상대화,APPROVED,pearseona,개인 간 대화
tpl_a42ce53ef991,[Web발신] 29**님의 이용권이 만료되었습니다. 재구매 후 이용해주세요. 감사합니다.,1,1,a42ce53ef9911c934837c4d27d52ba69aa885a996b0127ce3bf3dbe0dc7afdc1,기타정상,original,기타정상,명확한 단일 유형을 자동 제안할 수 없음,기타정상,APPROVED,pearseona,특정 정상 유형에 해당하지 않는 안내
tpl_a53bb59b4a73,너 오늘 뭐해? 시간 되면 밥이나 먹자,1,1,a53bb59b4a73dcf35e43a0d4f3236366054d4cf46591f64ca227d78b1d02ed73,일상대화,original,기타정상,명확한 단일 유형을 자동 제안할 수 없음,일상대화,APPROVED,pearseona,개인 간 대화
tpl_a5ecc740dbdf,"[Web발신] [KB국민은행,내부통지] OTP 이용으로 '스미싱예방서비스'가 해지되었습니다.",1,1,a5ecc740dbdf8e6f9575082ed98a921b5d8e81b401816c7d0d6cc76c3e7d66db,기타정상,original,기타정상,명확한 단일 유형을 자동 제안할 수 없음,정상금융알림,APPROVED,pearseona,은행·금융기관 발신 계좌·서비스 알림
tpl_a637a93dd231,9월 1일 오전 9시에 인터파크 티켓을 통해 예매가 시작돼. 놓치지 말고 예매해봐!,1,1,a637a93dd231083a60d007f9548bd01513a7bbb493b865d6b529a4d267367c11,일상대화,original,기타정상,명확한 단일 유형을 자동 제안할 수 없음,일상대화,APPROVED,pearseona,개인 간 대화
tpl_a7fecec3955d,[국제발신] G-248*** - Google 인증 코드입니다. 타인과 공유하지 마세요.,1,1,a7fecec3955d55a85934f68d4184eec4933040aa80d8e9b9075653c307f7cbe6,기타정상,original,기타정상,명확한 단일 유형을 자동 제안할 수 없음,정상인증알림,APPROVED,pearseona,인증번호·로그인 알림
tpl_a864eafe5606,다들 이번 주 주말에 뭐함?,1,1,a864eafe5606bb28e25161425f85622df771fa89d63cea3bfc1a9203ee8cded8,일상대화,original,기타정상,명확한 단일 유형을 자동 제안할 수 없음,일상대화,APPROVED,pearseona,개인 간 대화
tpl_a877b904eafc,너 혼자 가는 거임? 수원에서 멀지 않은 거리면 예산 어때?,1,1,a877b904eafc181e79344e89b765f54d32c5855414f72d9aab7dc0481890bda5,일상대화,original,기타정상,명확한 단일 유형을 자동 제안할 수 없음,일상대화,APPROVED,pearseona,개인 간 대화
tpl_aa0d866a7d01,맞아. 나도 요즘 이거 보면서 힐링 한다니까.,1,1,aa0d866a7d0183f97c3ec4889886fa15898bfcbae24279ea5d22578a7233ac85,일상대화,original,기타정상,명확한 단일 유형을 자동 제안할 수 없음,일상대화,APPROVED,pearseona,개인 간 대화
tpl_aa1e827b72b6,난 집콕 하면서 카이막 만들어볼까 생각 중이야!,1,1,aa1e827b72b61a28ff1909e0a6bbd61ce081706b551fd8294b00dd4a1cb666a8,일상대화,original,기타정상,명확한 단일 유형을 자동 제안할 수 없음,일상대화,APPROVED,pearseona,개인 간 대화
tpl_aa3767924ec2,"안녕하세요 링고룸입니다! [Web발신] 안녕하세요 고객님, 스트랩 구매해주신 링고룸입니다! 구매하신 스트랩 잘 받으셨을까요?♡ 다름이 아닌, [에이블리]에 '구매확정' 클릭을 요청드리고자 이렇게 연락드렸습니다ㅠ!! 시간편하실 때 꼭 한번 에이블리 마이페이지 들여가셔서 '구매확정' 버튼 클릭 한번 부탁드리겠습니다 :) 혹시나 스트랩에 문제가 있으실 경우 에이블리 문의하기로 언제든 편하게 문의 주세요!! 더운 여름 건강 유의하시고 시원한 하루 보내세요♥♥",1,1,aa3767924ec276839cc80113cc88cced1ead09cac5c54cf76298c9221358d2c8,기타정상,original,기타정상,명확한 단일 유형을 자동 제안할 수 없음,기타정상,APPROVED,pearseona,특정 정상 유형에 해당하지 않는 안내
tpl_ab4dae7f98b1,노놉. 키링을 가방에 다는 게 패션 아이템으로 꼽히고 있음ㅋㅋ.,1,1,ab4dae7f98b1c79bf34586c3a1200cc268fa53f8fb970f5f18fbe461d5eb1302,일상대화,original,기타정상,명확한 단일 유형을 자동 제안할 수 없음,일상대화,APPROVED,pearseona,개인 간 대화
tpl_ab98406d8fce,그 맛 넘 궁금타 ㅎㅎ. 나도 가서 먹어봐야지. 혹시 포장할만한 것들도 팔아?,1,1,ab98406d8fcec61c853ccd8b1b530a0f9a8b82378f80683ec1b90431a5dd963a,일상대화,original,기타정상,명확한 단일 유형을 자동 제안할 수 없음,일상대화,APPROVED,pearseona,개인 간 대화
tpl_aca082c34279,"외교부에 따르면, 몽골 전체 인구 340만명 중 10%나 유학이나 일자리 때문에 한국을 다녀왔다고 한대.",1,1,aca082c34279159be8fc706ef9a75f9b0c5542abeeed3f674f94108f708ade76,일상대화,original,기타정상,명확한 단일 유형을 자동 제안할 수 없음,일상대화,APPROVED,pearseona,개인 간 대화
tpl_ad31612bdec4,나 갑자기 연차가 생겨서 놀러갈거야. 당일 여행 추천 부탁해!,1,1,ad31612bdec487bbbf9452dc6ee419924311ff7e937744d1827bcd66bcd652ed,일상대화,original,기타정상,명확한 단일 유형을 자동 제안할 수 없음,일상대화,APPROVED,pearseona,개인 간 대화
tpl_ad942990feda,"[Web발신][LGU+]한국에 걸때 24원/초, 수신 22원/초, SMS 165원, MMS 550원, 문자수신무료",1,1,ad942990feda8771c64d278166c14493ea842449d6ba34a29f0bebaf65c68c98,기타정상,original,기타정상,명확한 단일 유형을 자동 제안할 수 없음,기타정상,APPROVED,pearseona,특정 정상 유형에 해당하지 않는 안내
tpl_ad9530e6816d,문앞에 안전하게 배달을 완료하였습니다 음식에문제있으시면바로연락바랍니다,1,1,ad9530e6816de3415f22b2ee6f6198f628a2d1a85123fa6e52c57401d623a8e7,기타정상,original,기타정상,명확한 단일 유형을 자동 제안할 수 없음,정상택배배송안내,APPROVED,pearseona,배송 상태·수령 안내
tpl_ae20fd200d74,"응, 들었어! 이번에도 히사이시조 영화음악 콘서트를 열 거래.",1,1,ae20fd200d741e995f93141cfd6c1a9e67b5e0e9f930ce4de2825d7bccb57874,일상대화,original,기타정상,명확한 단일 유형을 자동 제안할 수 없음,일상대화,APPROVED,pearseona,개인 간 대화
tpl_b0afd97d47a6,야 오늘 술 한잔 콜?,1,1,b0afd97d47a6a547a8923552ec53d10bfd502d56013ca524ce75765b03be4bd8,일상대화,original,기타정상,명확한 단일 유형을 자동 제안할 수 없음,일상대화,APPROVED,pearseona,개인 간 대화
tpl_b26a3e3b2577,아 요즘 물가 오르는 게 장난 아니네...안 오른 게 없으니 정말 힘들구만 ㅠㅠ.,1,1,b26a3e3b2577a322b081d8a796b4acdd45bc7aeec2308fb4b5d8c6a6b210c5bb,일상대화,original,기타정상,명확한 단일 유형을 자동 제안할 수 없음,일상대화,APPROVED,pearseona,개인 간 대화
tpl_b3eb96bd1108,카이막이 뭐임? 처음 들어보는데 먹는 거야?,1,1,b3eb96bd11080afe81f9be6801820cd487abd4332cb8ee085f678963d7dd080f,일상대화,original,기타정상,명확한 단일 유형을 자동 제안할 수 없음,일상대화,APPROVED,pearseona,개인 간 대화
tpl_b43e88b94d86,나도 같이가자! 피켓팅을 뚫고 한 번 가보자고!,1,1,b43e88b94d86e1f23dc84b139eea1382356a9bc825039efff1ecf05495a255a5,일상대화,original,기타정상,명확한 단일 유형을 자동 제안할 수 없음,일상대화,APPROVED,pearseona,개인 간 대화
tpl_b55a70305077,그 정도야? 그럼 태계일주는 언제 방송해?,1,1,b55a703050774022d1a59436fc7b416b2739519ff4fa9b430d4993d6b55596b3,일상대화,original,기타정상,명확한 단일 유형을 자동 제안할 수 없음,일상대화,APPROVED,pearseona,개인 간 대화
tpl_b69b277ba381,"팔도는 일품해물라면과 왕뚜껑 봉지면, 남자라면 등 11개의 제품의 가격을 5.1% 낮췄어. 하지만 아쉽게도 팔도의 대표작이라 할 수 있는 팔도비빔면과 왕뚜껑 컵라면은 여기에 포함되지 않았지.",1,1,b69b277ba38103d07215834dea7fe4c4dc22b263ff19287acefaed9251910ff9,일상대화,original,기타정상,명확한 단일 유형을 자동 제안할 수 없음,일상대화,APPROVED,pearseona,개인 간 대화
tpl_b90debee503c,그렇구나 ㅋㅋ. 이거 어디서 개발한 망원경이야?,1,1,b90debee503c6ca3751e2f30e22e6545cd2809fd8eb4c110972481e0032b1198,일상대화,original,기타정상,명확한 단일 유형을 자동 제안할 수 없음,일상대화,APPROVED,pearseona,개인 간 대화
tpl_b93feee0fa35,"[Web발신] [우리은행] 개인뱅킹 서비스 신규 가입 안내 [윤*우]님, 우리은행 개인뱅킹 서비스에 가입해 주셔서 감사합니다. 언제 어디서나 편리하게 인터넷뱅킹과 스마트폰뱅킹을 이용해 보세요. ▶ 하나원큐 바로가기 : https://www.gov.kr/FatsRz ※ 본인이 가입하지 않은 경우, 우리은행 고객센터(1**9-1111)로 연락해주시기 바랍니다.",1,1,b93feee0fa35ab4e4d59776d615c8c46daf29cef2db518610430433e2dbe07e7,기타정상,original,기타정상,명확한 단일 유형을 자동 제안할 수 없음,정상금융알림,APPROVED,pearseona,은행·금융기관 발신 계좌·서비스 알림
tpl_ba268612dae4,당근이지. 내가 방금 전에 이강인 선수가 이번 아시안게임 축구 대표팀에 합류한다는 소식 뉴스에서 보고 왔엉.,1,1,ba268612dae4cff637f6a92ef7c0eacec6d0c43a1d9025319a0c25271800365a,일상대화,original,기타정상,명확한 단일 유형을 자동 제안할 수 없음,일상대화,APPROVED,pearseona,개인 간 대화
tpl_bacf00ec8cdc,경기가 안 좋아지면서 가볍게 기분 전환을 할 수 있는 아이템이거든. 그래서 키링 구매를 작은 사치라고도 함ㅋㅋ.,1,1,bacf00ec8cdc3f7d63ab95a58dc5fcd45fa6e2505a225a870f52ba9875c4dc74,일상대화,original,기타정상,명확한 단일 유형을 자동 제안할 수 없음,일상대화,APPROVED,pearseona,개인 간 대화
tpl_bc41b16c60ee,"[Web발신] LA,샌프란시스코,시애틀,워싱턴DC,라스베가스,호놀룰루 등 미국 내 주요 도시 총기범죄,차량털이,노숙자 범죄발생-야간도보 이동자제,주변 경계 당부",1,1,bc41b16c60ee1208a19a18427f538a175d2da534e0e5844d44dab3804285fb6a,기타정상,original,기타정상,명확한 단일 유형을 자동 제안할 수 없음,정상공공기관알림,APPROVED,pearseona,공공기관 발신 안내
tpl_bc78fe06f893,난 요즘 야근 시즌이라서 못 가고 있음ㅠㅠ.,1,1,bc78fe06f89375357c6ff9a30af31a4ad18a46f008c68cf9f7d2d283d5444a88,일상대화,original,기타정상,명확한 단일 유형을 자동 제안할 수 없음,일상대화,APPROVED,pearseona,개인 간 대화
tpl_bce074432ea3,"약관 개정 안내 [Web발신] 페이북 머니 이용약관 개정일 5/28일 *추상적, 포괄적인 계약해지 조항 삭제 *고객에게 불리한 관할 조항시정 *정보 접근성 채널 확대등 아래 버튼 확인",1,1,bce074432ea37f4b3a0bfd41ca2dbd8a671dc1e27a28a19ae6594c31b2af8d44,기타정상,original,기타정상,명확한 단일 유형을 자동 제안할 수 없음,정상금융알림,APPROVED,pearseona,은행·금융기관 발신 계좌·서비스 알림
tpl_bd4e89ccd436,신기하다 ㅎㅎ. 아무튼 제임스 웹 우주망원경을 통해서 우주에 대해 좀 더 자세히 이해해 볼 수 있는 거네.,1,1,bd4e89ccd4369fdfd96e9107c0dc3b5f4686cad7b71bd04b70fc0e4427aafac1,일상대화,original,기타정상,명확한 단일 유형을 자동 제안할 수 없음,일상대화,APPROVED,pearseona,개인 간 대화
tpl_be188d78000b,아냐ㅋㅋ. 그냥 요즘 유행 중이라고 생각하면 돼ㅋㅋ.,1,1,be188d78000b74332576edab22e644efaabbcc53f6fdfa682db844fd2f2c868e,일상대화,original,기타정상,명확한 단일 유형을 자동 제안할 수 없음,일상대화,APPROVED,pearseona,개인 간 대화
tpl_bf441f2256a1,나는 친구들이랑 영화 보러 가려고ㅋㅋ.,1,1,bf441f2256a139b25ae45c3191c7c8104c8bf93415153aa2da91b9800b88bcc3,일상대화,original,기타정상,명확한 단일 유형을 자동 제안할 수 없음,일상대화,APPROVED,pearseona,개인 간 대화
tpl_c1815dc3d94d,이욜 ㅎㅎ. 그럼 제임스 웹 우주망원경이 우주에서 주로 하는 임무는 뭐야?,1,1,c1815dc3d94d6cef446b868eb215dbbad095704e7ac9af4d852b0e1a32ee36d4,일상대화,original,기타정상,명확한 단일 유형을 자동 제안할 수 없음,일상대화,APPROVED,pearseona,개인 간 대화
tpl_c2c90aec6b86,안녕하세요 이용해주셔서 감사합니다~ 1층 주출입구 자동문은 아래 시간 외에는 잠가서 외부인 출입을 차단합니다 외부인에게 비밀번호가 노출되지 않도록 협조부탁드립니다 ~^^ 개방시간:  오전 9시~저녁 8시 잠겼을 경우 다음 방법으로 열어주세요 <우측 상단의 불빛 LOCK을 누른다음 비번  7575#을 누른다> -뉴A+독서실.리빙텔-,1,1,c2c90aec6b8691fa77c0cd637c92c75fc4023ce987e471fbded32df5a8e1dcd4,기타정상,original,기타정상,명확한 단일 유형을 자동 제안할 수 없음,기타정상,APPROVED,pearseona,특정 정상 유형에 해당하지 않는 안내
tpl_c2cfdee4aca9,"회원님 새마을금고가 대리인 배*신님께 배송되었습니다. 배송만족도 평가시 5점 부탁드립니다. 문의,불편접수 02-***-***",1,1,c2cfdee4aca9f5222c5fea8cd933dd08fa4033d474d81a662e3c4d9c6d3e1a10,기타정상,original,기타정상,명확한 단일 유형을 자동 제안할 수 없음,정상택배배송안내,APPROVED,pearseona,카드 실물 배송 안내. 금융 알림이 아닌 배송 안내로 분류
tpl_c3fac17c5414,한국인 여행객들 사이에서 울란바토르를 몽탄신도시라 부른대.,1,1,c3fac17c54146e6a0b7f40222a81398419741ad47a2278d3510fd67e5605191d,일상대화,original,기타정상,명확한 단일 유형을 자동 제안할 수 없음,일상대화,APPROVED,pearseona,개인 간 대화
tpl_c452cc059cd8,[Web발신] [위에트 혜화점] 혜화 14:30 1일(2024년 12월 08일) 예약 완료 **241*****65946,1,1,c452cc059cd868f8971aae413710acde6b4c8177767bb8496694174d800d8d02,기타정상,original,기타정상,명확한 단일 유형을 자동 제안할 수 없음,기타정상,APPROVED,pearseona,특정 정상 유형에 해당하지 않는 안내
tpl_c52eff610ce2,오 나사 혼자서 개발한 줄 알았어 ㅋㅋ. 어떤 걸 목적으로 만들었음?,1,1,c52eff610ce203feff56c56602d8631d39f6ed37ca6fa51ea8a59713b228950e,일상대화,original,기타정상,명확한 단일 유형을 자동 제안할 수 없음,일상대화,APPROVED,pearseona,개인 간 대화
tpl_c54dfa3b24a4,그럼 금요일은 그시간대말고 다른가능한시간대없나요 고객님없는시간대라서요,1,1,c54dfa3b24a493b38a0758d1e2081e0113661d38f18c2a361e86c4cc908e708d,기타정상,original,기타정상,명확한 단일 유형을 자동 제안할 수 없음,기타정상,APPROVED,pearseona,특정 정상 유형에 해당하지 않는 안내
tpl_c734846e5546,6월 11일 일요일에 첫 방송을 해서 매주 일요일마다 해.,1,1,c734846e5546b5b3a25550d096f90e789f7ed2839257ae785d22efbc485eae8c,일상대화,original,기타정상,명확한 단일 유형을 자동 제안할 수 없음,일상대화,APPROVED,pearseona,개인 간 대화
tpl_c7c82e86da5b,축하해! 오늘 저녁 한턱 쏴라ㅋㅋ,1,1,c7c82e86da5b0f6e3c05168160860a320ed27896d58823c0a18ca017fd8c3d9d,일상대화,original,기타정상,명확한 단일 유형을 자동 제안할 수 없음,일상대화,APPROVED,pearseona,개인 간 대화
tpl_c83627184395,오... 근데 키링을 구매해서 어디다 쓴담..? 어른이 왜 키링을 사는거지ㅋㅋ? 단순 수집용인가?,1,1,c836271843951f99322b89fbec45ad5d727ef2ada3379025b62cbcfb3f4d614a,일상대화,original,기타정상,명확한 단일 유형을 자동 제안할 수 없음,일상대화,APPROVED,pearseona,개인 간 대화
tpl_c897d8bda0bd,유명한 디저트인가 보네! 그럼 카이막이 구체적으로 어떤 디저트임?,1,1,c897d8bda0bdfc4b307c436f24d2d6ae846dcc069e88b9c82638e833325c5dd9,일상대화,original,기타정상,명확한 단일 유형을 자동 제안할 수 없음,일상대화,APPROVED,pearseona,개인 간 대화
tpl_c92d09113954,대구 덕호 문화 센터에서 솔로이스츠 콘서트는 뭐하는 거야?,1,1,c92d09113954a46ddae4637ee2e6f3880e73253b44f87eaa895b1d0ed4908a3e,일상대화,original,기타정상,명확한 단일 유형을 자동 제안할 수 없음,일상대화,APPROVED,pearseona,개인 간 대화
tpl_c93f5a36821c,흠...조금 아쉽긴 하지만 어쨌든 가격 인하는 했으니까...오뚜기도 역시 가격 인하 대열에 동참했으려나?,1,1,c93f5a36821c5c2b8da55869897655034cdcf78c17cb2d7a4a935933f67214a3,일상대화,original,기타정상,명확한 단일 유형을 자동 제안할 수 없음,일상대화,APPROVED,pearseona,개인 간 대화
tpl_ca2cc85429e4,재패니메이션 OST 콘서트는 10월 28일에 티켓링크를 통해 2차 티켓이 추가로 오픈돼!,1,1,ca2cc85429e4f60699f865d1d80b5c708f28279ee57bb2a21303dad7d10bfa37,일상대화,original,기타정상,명확한 단일 유형을 자동 제안할 수 없음,일상대화,APPROVED,pearseona,개인 간 대화
tpl_ce40e5bed2be,그래? 어떤 인적 교류를 말하는 거야?,1,1,ce40e5bed2be31fba6fb7e7513151e28f23bb6e0ca951b9844d4e5247c25c083,일상대화,original,기타정상,명확한 단일 유형을 자동 제안할 수 없음,일상대화,APPROVED,pearseona,개인 간 대화
tpl_cef2488688bd,"그건 아니야. 삼양은 삼양라면 5입 멀티 제품 가격을 4% 내렸고 짜자로니 4입 멀티 제품을 5%, 열무비빔면 4입 멀티 제품은 15%나 인하했지 ㄷㄷ.",1,1,cef2488688bdd01e8fb5b577f6d93e1c85c2f936f2ed6afeaccfb847fe016aa2,일상대화,original,기타정상,명확한 단일 유형을 자동 제안할 수 없음,일상대화,APPROVED,pearseona,개인 간 대화
tpl_cf796f4eea0f,카이막을 모른다고? 요즘 핫한 튀르키예 전통 디저트잖아!,1,1,cf796f4eea0ff277c62bcce5e8ba36d3248f939616a5337eb01c651a9854ce36,일상대화,original,기타정상,명확한 단일 유형을 자동 제안할 수 없음,일상대화,APPROVED,pearseona,개인 간 대화
tpl_cfca46486c6a,홀리몰리 과카몰리! 진짜 멀리 떨어져 있다 ㅋㅋ. 허블 망원경보다는 기술적으로 어떤 면이 좋음?,1,1,cfca46486c6a987552b9660e08f053a59082144d93d29e50375917b7f633c3d9,일상대화,original,기타정상,명확한 단일 유형을 자동 제안할 수 없음,일상대화,APPROVED,pearseona,개인 간 대화
tpl_d31bc0c92f35,레드벨벳 조이랑 블랙핑크 제니도 키링을 가방에 달았었음ㅋㅋ.,1,1,d31bc0c92f3584a6608cfab969a655783fbff3b0cfc232d8b261fbce06872195,일상대화,original,기타정상,명확한 단일 유형을 자동 제안할 수 없음,일상대화,APPROVED,pearseona,개인 간 대화
tpl_d372e8000a42,에듀스터디카페 입니다~ 죄송하지만 전화 좀 부탁드립니다 ~~,1,1,d372e8000a42cd9af3d4c8f7ca31d411745f064821a94546a9c2ef9c33ad27ae,기타정상,original,기타정상,명확한 단일 유형을 자동 제안할 수 없음,기타정상,APPROVED,pearseona,특정 정상 유형에 해당하지 않는 안내
tpl_d4b4642e7be2,가보고 싶긴했는데 이번기회에 가봐야겠다. 수원에서 얼마나 걸려?,1,1,d4b4642e7be22cf03a76281f286b38811b614281340be7aa09d5e7940a2dc8d0,일상대화,original,기타정상,명확한 단일 유형을 자동 제안할 수 없음,일상대화,APPROVED,pearseona,개인 간 대화
tpl_d50d52b1aad0,이지클래식에서 기획하는 콘서트들은 정말 특색 있어 보여. 이번엔 꼭 가봐야겠다.,1,1,d50d52b1aad042375f71df48993c969828676cdeaaf64ca4618b8f8e7baec471,일상대화,original,기타정상,명확한 단일 유형을 자동 제안할 수 없음,일상대화,APPROVED,pearseona,개인 간 대화
tpl_d6d43dd93959,나는 이번에 휴가 받아서 놀러 가려고 하는데 마땅한 곳이 없네.,1,1,d6d43dd93959653d1fc82f4d2010f2e2da57f1c6270e2924d207132fc31bc362,일상대화,original,기타정상,명확한 단일 유형을 자동 제안할 수 없음,일상대화,APPROVED,pearseona,개인 간 대화
tpl_d92542bd2bbb,회의가 3시로 변경됐어. 도착하면 010-1234-5678로 연락 줘.,1,1,d92542bd2bbbea6ffe1633fcbb33b7e10a6d0c8254a026297dccb826181bbc4a,일상대화,synthetic_hard_negative_v2,기타정상,명확한 단일 유형을 자동 제안할 수 없음,일상대화,APPROVED,pearseona,개인 간 대화
tpl_d9c7443406c0,[Web발신] 이*은님의 장려금 신청이 접수되었으며 처리결과는 8월 말에 알려드리겠습니다.,1,1,d9c7443406c09a14c47d147548e4adec2eacc9b756654b9362db7e0ea2e9bef6,기타정상,original,기타정상,명확한 단일 유형을 자동 제안할 수 없음,정상공공기관알림,APPROVED,pearseona,공공기관 발신 안내
tpl_dba17dad8343,키링을 가방에 달고 다니는 연예인 있음ㅋㅋ? 이런 유행에 연예인이 안 했을리 없자나.,1,1,dba17dad83434ad598b373393296622135207f477012436be4ff1262f58c6429,일상대화,original,기타정상,명확한 단일 유형을 자동 제안할 수 없음,일상대화,APPROVED,pearseona,개인 간 대화
tpl_dc54db46b6aa,너 몽탄신도시라고 들어봤어?ㅋㅋ 나는 처음에 뭔 말인지 몰랐거든.,1,1,dc54db46b6aaee174c4010a54d14d160df29dae43373528c18d19f0636d7aefc,일상대화,original,기타정상,명확한 단일 유형을 자동 제안할 수 없음,일상대화,APPROVED,pearseona,개인 간 대화
tpl_de2534ab6d41,태계일주? 그게 뭐야? 난 처음 들어보는데 설명 좀 해줘.,1,1,de2534ab6d414373b600e9742788c1895cb739a33b58500e0c2f04fbc4e13f5d,일상대화,original,기타정상,명확한 단일 유형을 자동 제안할 수 없음,일상대화,APPROVED,pearseona,개인 간 대화
tpl_de61b396dddf,"아시안게임은 국제축구연맹, 그러니까 FIFA 공식 일정에 따른 대회가 아니라 차출 의무가 없댕.",1,1,de61b396dddf9a3fb3ae3230dc1082f7d1032de9fbcb4d5c05d5505d07465d76,일상대화,original,기타정상,명확한 단일 유형을 자동 제안할 수 없음,일상대화,APPROVED,pearseona,개인 간 대화
tpl_e4b4ab5311af,그러게.. 우리가 열심히 응원해주자!,1,1,e4b4ab5311af85b227ffd8e935ec6449d97dd3d95a253e7431bc325a7323429d,일상대화,original,기타정상,명확한 단일 유형을 자동 제안할 수 없음,일상대화,APPROVED,pearseona,개인 간 대화
tpl_e5b594eb6a0a,히사이시조 콘서트 예매하려면 어떻게 해야 돼?,1,1,e5b594eb6a0a67c8933272f9959417bc713b30e6dd4d2ff156999d444d55243b,일상대화,original,기타정상,명확한 단일 유형을 자동 제안할 수 없음,일상대화,APPROVED,pearseona,개인 간 대화
tpl_e5fb393c7657,기존 지상 망원경이나 우주 망원경이 관측할 수 없었던 아주 먼 거리에 위치한 심우주 천체를 관측하는 게 주 목표 중 1개 였음 ㅎㅎ.,1,1,e5fb393c7657057a6a6f70130cec29f76185e57bd39de611528a178f5ea71d99,일상대화,original,기타정상,명확한 단일 유형을 자동 제안할 수 없음,일상대화,APPROVED,pearseona,개인 간 대화
tpl_e6ae0b7e57b4,"오뚜기도 15개 제품을 5% 인하했지만 제일 인기가 많은 진라면은 인하하지 않았는데, 오뚜기는 10년간 진라면의 가격이 동결이었다는 점, 인하하지 않아도 타사 제품보다 400원 가량 저렴하다는 점을 이유로 들었어.",1,1,e6ae0b7e57b44abf9b43e9bcf70cd888754002d089c1d8439239883a04f0a953,일상대화,original,기타정상,명확한 단일 유형을 자동 제안할 수 없음,일상대화,APPROVED,pearseona,개인 간 대화
tpl_e6cd21c9e01c,별다줄 ㅋㅋ. 왜 몽탄신도시라고 부르는 거야?,1,1,e6cd21c9e01cb99e84865edc5b5bab1377bb48a1feb147298d81fae4c750e12c,일상대화,original,기타정상,명확한 단일 유형을 자동 제안할 수 없음,일상대화,APPROVED,pearseona,개인 간 대화
tpl_e74c1d56ba58,[Web발신] [지니뮤직안내] 제3자 제공동의 처리결과 안내 고객님께서 7월 12일 ㈜밀리의서재를 통해 요청하신 제3자 제공 광고수신 동의가 정상적으로 처리 되었습니다. 관련하여 추가문의사항은 아래 고객센터로 연락 부탁 드립니다. - 지니뮤직 고객센터 : 1**7-**37,1,1,e74c1d56ba58a67391154c313cd91ff2bed0e8b9f489639dce5d86614e5ae32c,기타정상,original,기타정상,명확한 단일 유형을 자동 제안할 수 없음,기타정상,APPROVED,pearseona,특정 정상 유형에 해당하지 않는 안내
tpl_e7d9b4f2986c,"[Web발신] 해외에서 대마를 유통·흡연·섭취할 경우, 국내법에 의해 5년 이하의 징역 등 처벌될 수 있으니 유의하시기 바랍니다.",1,1,e7d9b4f2986c4bc38f47a276d2b82996b6ce1ec324d9dda44a97ffafd3ae7064,기타정상,original,기타정상,명확한 단일 유형을 자동 제안할 수 없음,정상공공기관알림,APPROVED,pearseona,공공기관 발신 안내
tpl_e80b5d63b72e,아파트와 거리 모습이 경기도의 동탄신도시랑 비슷하고 간판까지 한글로 된 경우가 많다고 하더라.,1,1,e80b5d63b72e124ed19008d477838c9e6832d7ea7f4e6c85b8f3f2eb8e912fd6,일상대화,original,기타정상,명확한 단일 유형을 자동 제안할 수 없음,일상대화,APPROVED,pearseona,개인 간 대화
tpl_e881629a2680,너 천문학 쪽에 관심 많다고 했나?ㅎㅎ,1,1,e881629a268028296798652bf8502a9fcf032f1888bd3f7f4c8707634cb2a999,일상대화,original,기타정상,명확한 단일 유형을 자동 제안할 수 없음,일상대화,APPROVED,pearseona,개인 간 대화
tpl_e8eecdce9598,어떤 음악이 연주되는 거야?,1,1,e8eecdce959899fc63e438af29527aa46d5ac383e8c6e563668612638af95be3,일상대화,original,기타정상,명확한 단일 유형을 자동 제안할 수 없음,일상대화,APPROVED,pearseona,개인 간 대화
tpl_e9b4563b8a47,"[Web발신] [NH농협은행] 개인뱅킹 서비스 신규 가입 안내 [윤*우]님, NH농협은행 개인뱅킹 서비스에 가입해 주셔서 감사합니다. 언제 어디서나 편리하게 인터넷뱅킹과 스마트폰뱅킹을 이용해 보세요. ▶ 하나원큐 바로가기 : https://www.yanolja.com/1FwDaq ※ 본인이 가입하지 않은 경우, NH농협은행 고객센터(1**9-1111)로 연락해주시기 바랍니다.",1,1,e9b4563b8a4744dcf6fecb84f797914ba0b418f4e448e68b414a8ad6a3014c05,기타정상,original,기타정상,명확한 단일 유형을 자동 제안할 수 없음,정상금융알림,APPROVED,pearseona,은행·금융기관 발신 계좌·서비스 알림
tpl_e9d2083bb674,요즘 초딩은 진짜 이해를 할 수가 없음...,1,1,e9d2083bb674dba6d0aa23d40ecc564e092c657dd532a4a5a25d6b5c33a422f2,일상대화,original,기타정상,명확한 단일 유형을 자동 제안할 수 없음,일상대화,APPROVED,pearseona,개인 간 대화
tpl_ea2c9cd83cc9,만약에 놓쳐서 못 봤으면 웨이브에 들어가서 볼 수 있어.,1,1,ea2c9cd83cc9793648fb909ef2f1979a265b3f4c22ead4575cd7dabde646c61e,일상대화,original,기타정상,명확한 단일 유형을 자동 제안할 수 없음,일상대화,APPROVED,pearseona,개인 간 대화
tpl_ea3ab3b2b80c,10월 28일에 천마아트센터 챔버홀에서 개최된대.,1,1,ea3ab3b2b80c54f98d013e6a512550d3f4200631eca89d6b91ba1cd195c41d02,일상대화,original,기타정상,명확한 단일 유형을 자동 제안할 수 없음,일상대화,APPROVED,pearseona,개인 간 대화
tpl_ea80497f3c18,좋은 생각이야. 다음에 우리도 같이 먹으러 가자ㅋㅋ.,1,1,ea80497f3c18c315a409a6d208b9cd91eed75ef16462c1ecd601414b8666a07b,일상대화,original,기타정상,명확한 단일 유형을 자동 제안할 수 없음,일상대화,APPROVED,pearseona,개인 간 대화
tpl_eb4e2af0a87e,"[Web발신] [하나은행,내부통지] OTP 이용으로 '스미싱예방서비스'가 해지되었습니다.",1,1,eb4e2af0a87e2dbb9e8e35fff321c7f542cfb840aabbf8365ec6390b6593b959,기타정상,original,기타정상,명확한 단일 유형을 자동 제안할 수 없음,정상금융알림,APPROVED,pearseona,은행·금융기관 발신 계좌·서비스 알림
tpl_ecf555c7d3e0,[Web발신] 고객님께서 신청하신 방문소포(7091_4003_51474)가 수거완료되었습니다. 동**우체국 배*영,1,1,ecf555c7d3e0f1564a612890874224958e2c9550ce381e05de89216180406b5a,기타정상,original,기타정상,명확한 단일 유형을 자동 제안할 수 없음,정상택배배송안내,APPROVED,pearseona,배송 상태·수령 안내
tpl_ef5f8a366f80,덱스도 나와? 완전 박박이네. 나 엄청 팬이야!,1,1,ef5f8a366f8045c674c00d6ee22a05c8c16a27f83908aac1f17ed6765e0dfa12,일상대화,original,기타정상,명확한 단일 유형을 자동 제안할 수 없음,일상대화,APPROVED,pearseona,개인 간 대화
tpl_ef74727f7a87,회사 보안교육 자료입니다: https://training.example.com/security,1,1,ef74727f7a87cca63f06cdfaaad55e59a257585eba243376467b40cd3344f023,기타정상,synthetic_hard_negative_v2,기타정상,명확한 단일 유형을 자동 제안할 수 없음,기타정상,APPROVED,pearseona,특정 정상 유형에 해당하지 않는 안내
tpl_f1b5a5ffbdfb,그러게. 우리나라 파이팅! 우리도 애국심을 갖자구!,1,1,f1b5a5ffbdfb2d29d3d548a54a3730b85a78f34722e509c51a04d7f87540dc04,일상대화,original,기타정상,명확한 단일 유형을 자동 제안할 수 없음,일상대화,APPROVED,pearseona,개인 간 대화
tpl_f3162cc2b253,"거의 그 정도 하더라ㅋㅋ. 내가 말한 샌드커피 논탄토도 카이막, 토스트빵 세트가 7,500원임!",1,1,f3162cc2b253bc20515e6f75b914ce103f69f9ed6dd5b2cf7aecbc8965368de7,일상대화,original,기타정상,명확한 단일 유형을 자동 제안할 수 없음,일상대화,APPROVED,pearseona,개인 간 대화
tpl_f34ff6d881cf,"웅, 대학교 친구들이랑 같이 갔었는데 다양한 먹거리도 많아서 너무 좋았어.",1,1,f34ff6d881cf2d768266c08310e10901540eddd6ee55bb02a06dacf675320ae2,일상대화,original,기타정상,명확한 단일 유형을 자동 제안할 수 없음,일상대화,APPROVED,pearseona,개인 간 대화
tpl_f360149d7eee,"[Web발신] [질병관리청]뎅기열 감염 주의, 모기 기피제 사용 및 밝은색 긴 옷 착용으로 예방수칙 준수",1,1,f360149d7eee2f4f6bbe68d19ddb2031fc5a119971ea3484ae1338810ff9afe7,기타정상,original,기타정상,명확한 단일 유형을 자동 제안할 수 없음,정상공공기관알림,APPROVED,pearseona,공공기관 발신 안내
tpl_f3a91feff9f3,주말에 영화 보러 갈래?,1,1,f3a91feff9f3cd1cd6854051a3c21a9ac846b09fadb50875147520c267942837,일상대화,original,기타정상,명확한 단일 유형을 자동 제안할 수 없음,일상대화,APPROVED,pearseona,개인 간 대화
tpl_f6455850e595,"기사 보고 알았는데, 몽골에 한국 문화가 유행하게 된 건 한국과의 인적 교류가 늘었기 때문이래.",1,1,f6455850e59557736f114918a5550a75dec3de9b2e37a3b9c3d812438a5b0133,일상대화,original,기타정상,명확한 단일 유형을 자동 제안할 수 없음,일상대화,APPROVED,pearseona,개인 간 대화
tpl_f66a0fcef6a6,웅 ㅋㅋ. 2021년에 발사됐잖아! 우주에 조금이라도 관심 있다면 꼭 알아야 하는 망원경이지 ㅎㅎ.,1,1,f66a0fcef6a6e9308d83ba512940d123e74d0a11ed0756d542c64a30503da414,일상대화,original,기타정상,명확한 단일 유형을 자동 제안할 수 없음,일상대화,APPROVED,pearseona,개인 간 대화
tpl_f89ab6bcd7f1,맞아. 여기에서 인도로 여행 간 거 있는데 너무 재밌어서 요즘 인도로 놀러 가려는 사람이 많아졌어.,1,1,f89ab6bcd7f1b5c4747133c97545d83ea3ab579426925982e84caba01971fa68,일상대화,original,기타정상,명확한 단일 유형을 자동 제안할 수 없음,일상대화,APPROVED,pearseona,개인 간 대화
tpl_f9ad1d14420a,오늘 저녁에 치킨 콜?,1,1,f9ad1d14420a31d50d6b8389aa19addc3ae85cc93e4315b97756a883c1ef8ec2,일상대화,original,기타정상,명확한 단일 유형을 자동 제안할 수 없음,일상대화,APPROVED,pearseona,개인 간 대화
tpl_fa4ca692d558,도르트문트와의 유럽축구연맹 챔피언스리그 홈 경기를 마친 뒤에 바로 합류하기로 했댕. 현재 이강인 선수가 소속된 PSG랑 협의했더라고.,1,1,fa4ca692d5588d84f1af7e44e76db19627f619b52b6ae638a809c4691f118568,일상대화,original,기타정상,명확한 단일 유형을 자동 제안할 수 없음,일상대화,APPROVED,pearseona,개인 간 대화
tpl_fa7e40410d49,"기안84랑 빠니보틀, 덱스가 나와서 여행 다녀ㅋㅋ.",1,1,fa7e40410d49530f9394e39be2a26050582d04bdf265ce2108ab92c369c3bec0,일상대화,original,기타정상,명확한 단일 유형을 자동 제안할 수 없음,일상대화,APPROVED,pearseona,개인 간 대화
tpl_fa9a518b8e52,시간은 9시 10분으로 저녁에 가족끼리 보기 아주 좋지ㅋㅋ.,1,1,fa9a518b8e529a6cf3ba22c869764ace7ba493fe109251e79b61ced209c73e52,일상대화,original,기타정상,명확한 단일 유형을 자동 제안할 수 없음,일상대화,APPROVED,pearseona,개인 간 대화
tpl_fbb01efce108,맞다 ㅋㅋ. 어제 너튜브 보는데 제임스 웹 우주망원경 이라는 게 있더라고. 어떤 망원경인지 혹시 알아?,1,1,fbb01efce1082196ce7ba664c1c16115bc0374a277c921c0d826091de84fe441,일상대화,original,기타정상,명확한 단일 유형을 자동 제안할 수 없음,일상대화,APPROVED,pearseona,개인 간 대화
tpl_fca1b9cc71bf,"치과병원 [Web발신] 안녕하세요. 신*진님께 진심을 다하는 문치과병원입니다. 진료 예약 내역을 안내드립니다. ■ 진료 예약일 : 6월13일 오후 4시 ■ 진료 층 : 10층 이** 원장님 혹시 내원이 어려우실 경우, 예약 변경 전화를 꼭 부탁드립니다. 항상 최선을 다하는 문치과병원이 되겠습니다. 감사합니다^^ ★2024년 5월 20일부터 본인 확인 절차가 강화되어 초진/재진 접수 시 신분증을 필수 지참하셔야 됩니다.",1,1,fca1b9cc71bff612b9877ae03e79de1cfa22ab88fd8ab3958d9f2daac22e5cae,기타정상,original,기타정상,명확한 단일 유형을 자동 제안할 수 없음,기타정상,APPROVED,pearseona,특정 정상 유형에 해당하지 않는 안내
tpl_fe00ed6c2ed2,[Web발신] [디딤코딩_AI 어플리케이션 활용과 데이터 다루기] 단체문자 안녕하세요모두 새해 복 많이 받으세요! 여러분이 신청하신 비교과 프로그램이 내일부터 진행됩니다. - 아래 - 기간: 1/3(수) 10:00~1/5(금) 12:50 (3일간) 장소: 상상관 305호 잊지 말고 참여해주시고요 수업에서 뵐께요~^^ 홍*경 드림,1,1,fe00ed6c2ed234e40809cba49171dea1633ec3f89d7ac15244c5d481c6e52c0a,기타정상,original,기타정상,명확한 단일 유형을 자동 제안할 수 없음,기타정상,APPROVED,pearseona,특정 정상 유형에 해당하지 않는 안내
tpl_12f9185e83be,[Web발신] ★사회봉사★ 안녕하세요! 사회봉사 수업의 김*훈입니다. 1주차 오리엔테이션 영상을 시청하지 않은 분들은 e클래스 1주차 학습란에서 영상을 시청해 주시기 바랍니다. 아울러 공지사항에 수업에 대한 전반전인 내용을 정리해서 올렸으니 확인해 주고 궁금한 사항이 있으면 언제든지 편하게 연락주시기 바랍니다. 다음 주에는 봉사활동계획서를 제출하는 주 입니다. 각자 원하는 봉사활동을 검색해 보시기 바랍니다. 검색하는 방법 및 기준도 e클래스에 올려두었습니다. 감사합니다.,1,1,12f9185e83be994f4a8198f89a33770e588f3eee5ff258f8bfe1bcb6f80233c6,기타정상,original,정상공공기관알림,공공기관 발신 안내 관련 표현,기타정상,APPROVED,pearseona,특정 정상 유형에 해당하지 않는 안내
tpl_1d5710a4969d,"[LG U+] [Web발신] [U+유모바일] 이번 달 데이터 사용량 안내 고객님, 「[MDL] LTE (10GB+/통화기본)」 요금제의 기본 데이터 사용량을 안내해 드립니다. 기본 데이터를 모두 이용하신 경우에도 추가 요금 없이 메신저와 인터넷 검색 및 저화질 동영상 시청이 가능한 속도(1Mbps)로 데이터를 계속 이용하실 수 있습니다. ▶ 데이터 사용량 안내 - 제공량: 10GB - 사용량: 80% 8GB ※ 05/18 06:36:05 기준",1,1,1d5710a4969d96d30a2d6e6c861d5e0c969f11cb072ef6e3948ed8bba87f8b89,기타정상,original,정상공공기관알림,공공기관 발신 안내 관련 표현,기타정상,APPROVED,pearseona,특정 정상 유형에 해당하지 않는 안내
tpl_c43bfdf66bfb,"[Web발신] 늦캉스 찬스! 더위크앤 리조트 플래시 세일 단 7일 간, 오션뷰 객실 최대 30% 할인에 워터파크, 조식뷔페 할인 혜택까지! - 어반 9만원대, 패밀리 13만원대~ - 아쿠아벤처 40% 할인 - 조식뷔페 1+1 (성인 결제 시, 자녀 무료) 투숙기간 2024.08.19~2024.10.31 예약하기 https://www.toss.im/CGwush",1,23,c43bfdf66bfb81943645f423ac23ed48680d71e12a2eb380a64e2b1e2a350c51,기타정상,original,정상광고프로모션,쿠폰·할인·프로모션 관련 표현,정상광고프로모션,APPROVED,pearseona,광고·쿠폰·프로모션 안내
tpl_1fed23922041,(광고) NOL(야놀자) 체스터톤스 6만원 대 [Web발신] (광고) NOL(야놀자) 체스터톤스 6만원 대 ■ 체스터톤스 타임 특가 ! 오늘 저녁 7시 ! 최저가 6만원 대 부터- 모든 객실 비치타월 증정 ! 방송 중에만 1O% 쿠폰 드려요! ▷ https://www.cjlogistics.com/aKpPTO ■ 이번주 숙소 특가 OPEN! 5성급 호텔 9만원 대 부터 - 리조트 6만원 대 부터 - 총 18만원 쿠폰팩 받고 여행 준비해요! ▷ https://www.nhis.or.kr/wYCNyN ■ 오늘의 무료 선물 도착 선물명 : 아크테릭스 백팩 지금 응모하면 5천원 쿠폰 즉시 발급 ▷ https://www.kakaobank.com/2hDg9H ☏ NOL 고객센터 ****-1346 (오전 9시~익일 새벽 3시) ※ 무료수신거부 080-***-7**8,1,22,1fed23922041561e7e1f8a07f25a8c653e02da9f17d99b2a00fb9adac9e4c55b,기타정상,original,정상광고프로모션,쿠폰·할인·프로모션 관련 표현,정상광고프로모션,APPROVED,pearseona,광고·쿠폰·프로모션 안내
tpl_0e615393364b,"(광고)[배달의민족] [Web발신] (광고)[배달의민족] 오늘 10시 [대한민국vs멕시코] [맥도날드 선착순 63,437원 쿠폰] 포함 [총 108,500원 할인] 혜택이 곧 사라져요 지금 확인하기 https://www.go.kakaobank.io/b6RVi1 무료수신거부 : 0808880219",12,21,0e615393364bc7f64b3820c0adda8cbb335058ee79028d415183d861e3f84036|202ae0604e045296aaf9607396c0d0930b0324236c7b179e35138e5705ca452f|2f2502108c4181956a65110cc8f5237a78fb8e9f5278201a2f898320e196f565|374a22505f11d0bfd26dd4f7eddaeab5cfd1978dad6aeacdd99760345d9e7889|805ed16a91a4291aa0621c3864aea2818c628200d2a7bbd5d5b8c6a2d5254c7c|996b10e4d1bdf451c52d001bc98f09750c3dd0765dc17d89e9380ead94a64fb2|9f314b447d1d696796d23e14d27d9313385b8cc8e96dd0ff24e8a24d65351bce|a2a54c20baa1a847779c115c12177f9cbf83747640d965818f69e09c31195f11|a647053db5c41bb55c6e15a84768bffc19517d315d36f5e738d25c67cb58d819|b33f4f2137a05857ba776ee7fd6cb21bfcee0113a70b5c1c539baab0578df19d|f5500e8b3f44592d1162b6fba49096384fda142d0bf0ca48af7ff4a621ad08e5|f5d4c2c1554542ff5672baa711b88287c5f0f79ca58864c339451caa2034884a,기타정상,original,정상광고프로모션,쿠폰·할인·프로모션 관련 표현,정상광고프로모션,APPROVED,pearseona,광고·쿠폰·프로모션 안내
tpl_cc8d0bb2a49b,"[Web발신] [LG U+] 귀국을 환영합니다! 고객님, 로밍 요금제를 이용하셨다면 이용 기간이 끝난 후 자동 해지돼요. ▶ 로밍 이용 내역 확인 (로밍 영수증) ☞ https://www.baemin.me/puCfbi ※ 청구서가 발행됐을 때 위 인터넷 주소에서 로밍 영수증을 이메일로 발급받으실 수 있어요. 영수증을 파일로 저장하시려면, 이메일로 받은 영수증을 연 다음, '영수증 인쇄하기'를 누르고 '저장'을 눌러주세요. ※ 로밍 이용 내역에 나와 있는 금액은 할인 등이 적용되지 않은 금액으로, 실제 로밍 영수증을 발급받았을 때의 금액과 다를 수 있어요.",1,17,cc8d0bb2a49bd34a471c0d7bd88040ca0d3fbab90e0c5a420acca2c9ac3366fa,기타정상,original,정상광고프로모션,쿠폰·할인·프로모션 관련 표현,기타정상,APPROVED,pearseona,특정 정상 유형에 해당하지 않는 안내
tpl_d12d5c8c893c,[Web발신] (광고) 설마.. 아직 버터런 안 해본 사람 없겠죠? 기은센이 달려서 생크림이 버터가 될 때까지 제한시간 내에 최대한 클릭해주세요! 성공하면 버터 관련 상품 등 추첨에 자동 응모됩니다 :) 자세한 내용은 아래에서 확인해보세요~! ▶ 이벤트 기간 : 26.4.27(월) ~ 26.5.10(일) ▶ 바로참여하기 : https://www.toss.im/zlkSJ4 혜택 > 이벤트 > 손으로 달리는 버터런 이벤트 ※ (문의) IBK기업은행 고객센터 ☎15**-25** ※ 준법감시인 심의필 제2026-3499호(2026.04.28.) 유효기간(2026.05.11) ※ (무료)수신거부 ☎***-776-**00,1,17,d12d5c8c893c7770de85d622bb84933abd4c5b8dd6da76a497f7db729c9cb1ca,기타정상,original,정상광고프로모션,쿠폰·할인·프로모션 관련 표현,정상광고프로모션,APPROVED,pearseona,광고·쿠폰·프로모션 안내
tpl_4142fcb037bf,나이키 [Web발신] (광고)[나이키] 인기 제품 추가 할인! 얼마 남지 않은 최대 40% 할인의 시즌 마감 세일. 새로 추가된 인기 제품을 놓치지 마세요. ▶ 세일 제품 구매하기 https://www.gov.kr/DN4PHc 무료수신거부 080-810-****,1,16,4142fcb037bf6abb39e3c8d499beba8b3f08276d63f3f041911c1ebd7a574222,기타정상,original,정상광고프로모션,쿠폰·할인·프로모션 관련 표현,정상광고프로모션,APPROVED,pearseona,광고·쿠폰·프로모션 안내
tpl_3a9d8fb8ae15,"[Web발신] [카카오뱅크] 2차 소비쿠폰 11/29 19:28 쌍용스토아신부점 사용 73,041원 잔여 740원",4,7,3a9d8fb8ae15bff657376c41a7b5f167435dc4a237dda54e503d894d3a0c9fc5|462f9e2588e6766079f659638629c75a62d25ab79554cc6efef23687d0810398|5ad5b9a5a0ccac50101757bc42636299f5d01ebe8399764cf1132e5bf5f2e9d8|6450ca7e146bba2c492a0811da17a9367b503493c5b03f704f5dc78d1c52ae40,기타정상,original,정상광고프로모션,쿠폰·할인·프로모션 관련 표현,정상카드결제알림,APPROVED,pearseona,소비쿠폰 사용(결제) 내역 알림. 광고가 아닌 사용 내역이라 결제 알림으로 분류
tpl_426bf67c21cf,"[Web발신] [우리은행] 2차 소비쿠폰 11/29 19:28 쌍용스토아신부점 사용 40,416원 잔여 740원",5,6,426bf67c21cfb764413d9498ec94efe6f94c07c4999a4c5bd9591e63f5b263c4|5807b7d3d2784730e3fa2498d6a5602c9d394b091d0a0aa1df3c5e9323906236|78690649e236da13080f383a4fd0f81b4fbeabb9e9a2684e751679c854473a20|8c30ccaf935e05203e168e08ed304704a908a7f91e5a6217d1596e6ccaa91ed1|fded9f3fbe3d5f29002813c835ac6a0e6a88033e9785cf5ac7424f4df3eb0711,기타정상,original,정상광고프로모션,쿠폰·할인·프로모션 관련 표현,정상카드결제알림,APPROVED,pearseona,소비쿠폰 사용(결제) 내역 알림. 광고가 아닌 사용 내역이라 결제 알림으로 분류
tpl_055222934ac2,"[Web발신] [NH농협은행] 2차 소비쿠폰 11/29 19:28 쌍용스토아신부점 사용 58,033원 잔여 740원",4,4,055222934ac2de1e414bddcb7cd7f59d3cd3921141a039e0448abb867f19a9fb|3fcf48e4d208808933ffa8ff1d2622f041394b125d571ec44160bf77e5d9d7c2|9113934be52f8c542b48370d79dc387059b068a23efc9bbfb9fc6a3dcb3fc226|df91d4ca56f159f59b81b60135c819fd7206a396eff1eb9e8197acc396a99e9e,기타정상,original,정상광고프로모션,쿠폰·할인·프로모션 관련 표현,정상카드결제알림,APPROVED,pearseona,소비쿠폰 사용(결제) 내역 알림. 광고가 아닌 사용 내역이라 결제 알림으로 분류
tpl_061121ea6e5a,"[Web발신] [하나은행] 2차 소비쿠폰 11/29 19:28 쌍용스토아신부점 사용 31,103원 잔여 740원",2,2,061121ea6e5a60f9512b6ff0fee3292a4adf8ed5bf1e7c3b9edd4aec854eee0c|1c63e295924146345469a5bdb7bea4e2c651e4be050af1f4ee241fc2b71436c2,기타정상,original,정상광고프로모션,쿠폰·할인·프로모션 관련 표현,정상카드결제알림,APPROVED,pearseona,소비쿠폰 사용(결제) 내역 알림. 광고가 아닌 사용 내역이라 결제 알림으로 분류
tpl_50be05436456,[Web발신] [신한은행] 2차 소비쿠폰 11/29 19:28 쌍용스토아신부점 사용 24만 원 잔여 740원,2,2,50be054364561b45221d7753dcc85c7dc91c6cd7e3c308dcaa2eb2d755cd3eb3|93e782c55684e9c040430f62f4d707b1f0c36e9f7ec8334b88baa7a023f9aa63,기타정상,original,정상광고프로모션,쿠폰·할인·프로모션 관련 표현,정상카드결제알림,APPROVED,pearseona,소비쿠폰 사용(결제) 내역 알림. 광고가 아닌 사용 내역이라 결제 알림으로 분류
tpl_2836706edb74,"[Web발신] (광고) 2024 부메랑 1만원 할인 쿠폰이 아직 남아 있어요! 아직 ★ 2024 부메랑 1만원 할인 쿠폰 ★이 고객님의 쿠폰함에 있다는 사실, 알고 계셨나요? 부메랑 회원님만 받을 수 있는 이 특별한 혜택을 2024년이 가기 전에 가까운 아웃백 매장에서 꼭! 사용해 보세요! 아웃백은 언제나 고객님을 기다리고 있습니다♥ 곧 만나길 바라요 ────────────── 쿠폰 확인: bit.ly/obkreminder ※ 아웃백 앱에서 발급된 쿠폰을 확인한 후, 매장 방문 시 직원에게 쿠폰을 보여주세요. ────────────── ★ 본 문자는 11월 18일 0시 기준 '2024 부메랑 1만원 할인 쿠폰'을 아웃백 앱에 소지하고 계신 회원님에 한하여 발송되었습니다 ★ - 본 문자는 11월 17일 기준 수신 동의 회원에게 발송되었습니다. ☎ ****-0500 ■ 무료수신거부: ***-810-0**7",1,1,2836706edb74f93eaf81cda99e04d8c593f07e6f440a8429c89a8ece1558a330,기타정상,original,정상광고프로모션,쿠폰·할인·프로모션 관련 표현,정상광고프로모션,APPROVED,pearseona,광고·쿠폰·프로모션 안내
tpl_3c4f03e033db,[Web발신] [새마을금고] 2차 소비쿠폰 11/29 19:28 쌍용스토아신부점 사용 5만 원 잔여 740원,1,1,3c4f03e033db5485f2f667e208ea7e83dbb9da061dfe1e83710b0a2234d8cd4c,기타정상,original,정상광고프로모션,쿠폰·할인·프로모션 관련 표현,정상카드결제알림,APPROVED,pearseona,소비쿠폰 사용(결제) 내역 알림. 광고가 아닌 사용 내역이라 결제 알림으로 분류
tpl_4738b05ee8c3,"[Web발신] [토스뱅크] 2차 소비쿠폰 11/29 19:28 쌍용스토아신부점 사용 2,692원 잔여 740원",1,1,4738b05ee8c32e815c7d0f25d58e7895167b7befc837d9497547cdcb00122d8a,기타정상,original,정상광고프로모션,쿠폰·할인·프로모션 관련 표현,정상카드결제알림,APPROVED,pearseona,소비쿠폰 사용(결제) 내역 알림. 광고가 아닌 사용 내역이라 결제 알림으로 분류
tpl_534c8fd67982,[주문완료] 스탬프 적립하세요♥ ★ 스탬프 적립 안내 ★ 스탬프 +1개가 적립되었습니다. ■ 스탬프 확인하기 spge.kr/Swq7sr2 스탬프 유효기간은 적립일 기준 1년 입니다. ■ 쿠폰 정보 음료수 사이즈업 1.25L 쿠폰 등 2개의 쿠폰을 교환하실 수 있습니다. □ 매장 : 마왕족발 천**부점 □ 일시 : 2024년 09월 25일 17:43 ■ 스탬프 수량별 혜택 2개 : 음료수 사이즈업 1.25L 쿠폰 5개 : 사이드메뉴 1인 쿠폰 8개 : 메인메뉴 사이즈업+사이드메뉴 2인 쿠폰 □ 사장님 알림 ‼모바일 쿠폰 발행은 [9월 30일]의 주문건까지만 발행이 되며 기한은 [12월31일]까지만 사용이 가능합니다‼‼이후 모바일 쿠폰은 적립 및 사용이 영구 종료되는점 안내드립니다 감사합니다.‼ □ 무료수신거부 spge.kr/R818,1,1,534c8fd679825d3fe1f006f271adb420465ef772ba31a9bcb5d8d10f0c8a2db7,기타정상,original,정상광고프로모션,쿠폰·할인·프로모션 관련 표현,정상광고프로모션,APPROVED,pearseona,광고·쿠폰·프로모션 안내
tpl_56a89ae5613e,[Web발신] [신한은행] 2차 소비쿠폰 11/29 19:28 쌍용스토아신부점 사용 107만 원 잔여 740원,1,1,56a89ae5613ef03858cc535f927bc916fa5ddd5b5552137add476676e7301d62,기타정상,original,정상광고프로모션,쿠폰·할인·프로모션 관련 표현,정상카드결제알림,APPROVED,pearseona,소비쿠폰 사용(결제) 내역 알림. 광고가 아닌 사용 내역이라 결제 알림으로 분류
tpl_73f7dc0cbe8e,"Tutoring [Web발신] 안녕하세요 임*미 고객님, 국민가격 1:1 영어회화 앱, 튜터링 학습 상담팀 입니다. 발급해드린 ""시크릿 쿠폰 (20%할인 (최대 10만원) / 1만원 이상 구매 시))"" 에 추가 [시크릿 플러스] 컨설턴트 +10% 더하기 쿠폰이 내일 만료됩니다. 기한 내 사용을 부탁드립니다. 오늘 하루도 즐거운 하루 되시길 바랍니다:)",1,1,73f7dc0cbe8e31fee604c0f4ddd7983bcd9b093c9fcd7390a9260e4a8b6c7008,기타정상,original,정상광고프로모션,쿠폰·할인·프로모션 관련 표현,정상광고프로모션,APPROVED,pearseona,광고·쿠폰·프로모션 안내
tpl_d207f6d4b878,[Web발신] [신한은행] 2차 소비쿠폰 11/29 19:28 쌍용스토아신부점 사용 115만 원 잔여 740원,1,1,d207f6d4b8786fabfd6a43b699c13ed08b547778c8519e83c3bb31f9a1e56512,기타정상,original,정상광고프로모션,쿠폰·할인·프로모션 관련 표현,정상카드결제알림,APPROVED,pearseona,소비쿠폰 사용(결제) 내역 알림. 광고가 아닌 사용 내역이라 결제 알림으로 분류
tpl_fcf8ff285f4e,[Web발신] 안녕하세요! 김포GS입니다 10/05일까지 매일 1만원 추가수당 지급하는 프로모션 진행중입니다,1,1,fcf8ff285f4e52bdd8d63d27f561228241b6261dac2cdc331f547182fdee83f4,기타정상,original,정상광고프로모션,쿠폰·할인·프로모션 관련 표현,정상광고프로모션,APPROVED,pearseona,광고·쿠폰·프로모션 안내
tpl_0f7a1eb39822,[Web발신] [NH농협은행] 김*아님의 출금계좌(9574)에 아래와 같은 오픈뱅킹 출금이체가 등록되었습니다. - 신청기관명: 카카오페이 - 기관번호: C********** - 납부자번호: ************* ■ 오픈뱅킹 출금이체 등록/조회 https://www.go.kakaobank.io/i0NtbM 본인의 신청이 아닌 경우 카카오페이(연락처: 1644-7405) 또는 NH농협은행 고객센터(1599-3333)로 문의해주세요. 본 메시지는 오픈뱅킹 출금이체 관련 부당출금을 예방하기 위하여 무료로 통지하고 있습니다.,8,26,0f7a1eb398222ccfd9bc97bc6f65a8698d3dad8e067bcbcec2cbe667394cd9ae|2c482ab2ff393f88d5b2144df4c22344e97b92307a293e865d2368fb048575d8|77ca9e371f65048cea692b3ee13c0d86f0813a89951aa1faeca57aaa5ff9be40|9b77c718e33ee197cc17024cccd4a50f47f21cfe15ce5b567d17ab062f5f4c9c|b1f75330ab8fc75fd667b6ac51b52a96b0d4a1770d326a81997bca8166c5acd5|ce0465a929cbea46e845c4dcd6cef01124fa422e25089745b3053b8d7341569b|e748e32b4d5549f62a54e6840f26c39c27a0552921482b776ad05dcd482135fb|ff563b40d4ce9beb926ed827dcacd8f6db01706a49dc62df68084af873272a90,기타정상,original,정상금융알림,입출금·잔액·이체 관련 표현,정상금융알림,APPROVED,pearseona,은행·금융기관 발신 계좌·서비스 알림
tpl_103fd0c676bf,"[Web발신] mini카드 유효기간 만료 자동 해지 안내 [NH농협은행] 김*아님, mini카드(4335)의 유효기간이 2025년 10월 만료되어 자동으로 해지되었습니다. ※ 유의사항 - 선불 티머니 잔액 환불 받으려면?: https://www.kakaobank.com/3A0kGI - 반드시 카드 실물이 있어야 티머니 잔액 환불이 가능하며, 카드를 폐기하시면 티머니 정책에 따라 잔액 환불이 불가합니다. - 티머니 잔액 환불 및 이전, 선불충전금 보호조치 등 상세 내용은 티머니 고객센터(1644-0088)로 문의하여 주시기 바랍니다.",7,23,103fd0c676bf9cb692ca0babfed89f28288f96f944611c6562da9dd5a998e145|28551c15f0e692d859cb6eff3e498451bf936891d3b4c7c9b89a15ac9e26c4b0|392e0e1d00f5df3785bc159e271122835d7e665fd9eab7398752d7ea25c07673|413f35f8a63979441d39a25621c97077a9ae8d708cd851a2aa1e21ea311273fe|b59d8dacb0a9f79ca2cee06c85d9d857d5e7397659d04b9cca575faba6ae7af8|fc2ed5d52873a821c77b11d469604628d52db92da6268c26e46d181bb1c730c7|fe308bfd7fbaa4a8bce8339f6e246a72f7223160d5a9f5c662bb2e2f20fe74fe,기타정상,original,정상금융알림,입출금·잔액·이체 관련 표현,정상금융알림,APPROVED,pearseona,은행·금융기관 발신 계좌·서비스 알림
tpl_1e5406db2516,[Web발신][NH농협은행] 해외결제 실패 김*아(4316) 06/02 10:36 USD 0.09 Amazon web servic 잔액부족,5,5,1e5406db2516f7b670add8e9b5f1b0433b75e7274d1aab51dd686f8f9fda21ec|35a3c97e934d16756f8555c368a2d406e847c31b3614a98182b67d7ec789f7ae|828b133c682a90cf80dc66ddb563f0bad1add03d628f6ebb70e813269eba681f|85b54d4b743b7c9aa944f207dcd94d53a45dd83a54e86a9ba4eb25ee7bc61dd1|fd197550001176f4f92c28379b3e0dd6e0fe9a636a00802efeeced7bceb80167,기타정상,original,정상금융알림,입출금·잔액·이체 관련 표현,정상카드결제알림,APPROVED,pearseona,카드 결제·승인 내역 알림
tpl_20d5d4994a70,[Web발신][카카오뱅크] 해외결제 실패 김*아(4316) 06/02 10:36 USD 0.09 Amazon web servic 잔액부족,2,2,20d5d4994a709e1482826653a1a1235fa785a146af86129bd5758f9fe2a89c5c|b2b72d199febcdff9faa65692b019e5ed10189500644fcc8b3a1051a937b92f3,기타정상,original,정상금융알림,입출금·잔액·이체 관련 표현,정상카드결제알림,APPROVED,pearseona,카드 결제·승인 내역 알림
tpl_0a97cb36007c,"베드로실용음악학원 입니다 베드로실용음악학원 입니다  결제 문자보냅드립니다________________________ 이번주가  일렉기타1회차 새로시작하는날 입니다 카드, 계좌이체 가능합니다 농협 000  0000  00  00 임*영 결제방법1> 2대1 레슨 1개월(4주)결제시 5만원 3개월(12주)결제시 14만원(이체시할인적용)",1,1,0a97cb36007c0aa95a9c92280832d3944e63702c74e75f4394b90ff0f4ee0774,기타정상,original,정상금융알림,입출금·잔액·이체 관련 표현,기타정상,APPROVED,pearseona,특정 정상 유형에 해당하지 않는 안내
tpl_2156329f0361,"[토스증권] 출금이체 동의 [Web발신] 천*린님의 토스증권 계좌를 토스에서 사용할 수 있도록 출금계좌로 등록했어요. 직접 동의한 것이 아니라면, 고객센터(02-15**-**87)에 문의해주세요.",1,1,2156329f036113c89e3ec1e1060eb3c09a2303a0a4a2f058d73ed7f634d634c2,기타정상,original,정상금융알림,입출금·잔액·이체 관련 표현,정상금융알림,APPROVED,pearseona,은행·금융기관 발신 계좌·서비스 알림
tpl_328d84c0ed29,나도 어제 내꺼 계좌 확인했는데 그야말로 갑통알이었음 ㅋㅋ. 특히 식품 가격들 오른 게 체감이 확 된다 ㅠㅠ.,1,1,328d84c0ed29268e75d47fb6f98080502dee8bc2eda08cf92f2c9324d649d67b,일상대화,original,정상금융알림,입출금·잔액·이체 관련 표현,일상대화,APPROVED,pearseona,개인 간 대화
tpl_537c1de6a5e3,"[티빙] 개인정보 유출 사실 통지 및 사과문 [Web발신] 안녕하세요, 티빙을 이용해 주시는 고객님께 깊은 사과의 말씀 드립니다. 당사는 2026년 6월 2일 개인정보 저장DB에 신원 미상 해커의 접근 및 파일 유출 정황을 확인하였습니다. ■유출된 개인정보 항목 아이디,이름,생년월일,성별,CI,DI,휴대폰번호(마지막 4자리 암호화),이메일(도메인 제외 ID 부분 암호화),환불계좌번호(암호화),비밀번호(암호화),이외 서비스 이용 관련 정보 등이며, 고객님의 정확한 유출 정보 항목은 별도로 안내드릴 수 있도록 하겠습니다. ■당사 대응 조치 인지 즉시 공격 IP 차단 및 클라우드 접근 통제 변경 DB 접속 모니터링 강화 및 추가 피해 확산 방지 보안 조치 완료 이용자 피해 구제를 위한 전담 고객센터 운영 및 지원 절차 마련 ■이용자 행동 요령 혹시 모를 수상한 전화,메일,문자(스미싱/피싱) 주의 동일 계정 정보 사용 타 서비스의 비밀번호 변경 권장 심려를 끼쳐드려 다시 한번 깊이 사과드리며 보상안 및 추가 필요 사항은 지속적으로 안내해 드리겠습니다. ■피해 접수/문의처(담당부서CX팀) 전화번호1551-****/이메일[tving@c**.***]",1,1,537c1de6a5e3721f7ead8729753bdd226f4cf4184329323eb77aa132170b3e22,기타정상,original,정상금융알림,입출금·잔액·이체 관련 표현,기타정상,APPROVED,pearseona,특정 정상 유형에 해당하지 않는 안내
tpl_7cefdecd35f0,"00대학교 2023-2학기 등록 안내 [Web발신] 00대학교 2023학년도 2학기 등록기간을 안내해드립니다. - 등록기간: 2023년 8월 21일(월)~25일(금) - 등록방법: 종합정보시스템→등록→등록금고지서 확인 후, 기업은행 가상계좌 입금 또는 농협으로 납부 - 자세한 사항은 한성공지 「2023-2학기 학부 재학생 등록금 납부 안내」참고 - 등록금 납부 문의: 02-7**-****,***** - 장학금 문의: 02-7**-****",1,1,7cefdecd35f063b74a7afc9092963aa396de7970a395909ab57511d6a028f5a3,기타정상,original,정상금융알림,입출금·잔액·이체 관련 표현,기타정상,APPROVED,pearseona,특정 정상 유형에 해당하지 않는 안내
tpl_900b6706739a,[Web발신] [신한체크카드] 신*인님 입금 확인 안되오니 결제대금 입금확인,1,1,900b6706739a4a9c67027eb00c34c64b8a073b62bc95aa3f667dab2e19d45560,기타정상,original,정상금융알림,입출금·잔액·이체 관련 표현,정상카드결제알림,APPROVED,pearseona,카드 결제·승인 내역 알림
tpl_dc587a815be6,[Web발신] 02월25일 4.397.100원이 입금되었습니다 -00대학교-,1,1,dc587a815be6d7c0af4fe3254349f210d99191c928d12d16decd550be75ae381,기타정상,original,정상금융알림,입출금·잔액·이체 관련 표현,정상금융알림,APPROVED,pearseona,은행·금융기관 발신 계좌·서비스 알림
tpl_edbc32617ba5,[Web발신] [키움] 김*혜 고객님의 계좌번호 확인 조회가 되었습니다. 본인외 거래시 즉시 신고바랍니다.,1,1,edbc32617ba53e87dc27ccadb713e7b754ad3762050081fac8270bdd3d4a0b4c,기타정상,original,정상금융알림,입출금·잔액·이체 관련 표현,정상금융알림,APPROVED,pearseona,은행·금융기관 발신 계좌·서비스 알림
tpl_03d59bf11116,[Web발신] [전자투표] 인증번호 755***로 인증 후 투표 참여바랍니다.,1,1,03d59bf1111617477a3cd283de6c9340b5358b90a6e6b95cebe01a106157b724,기타정상,original,정상인증알림,인증번호·로그인 알림 관련 표현,정상인증알림,APPROVED,pearseona,인증번호·로그인 알림
tpl_15e3408fe377,"[롯데월드]종합이용권 받아가세요~ [Web발신] (광고)나의 롯데월드 MBTI 확인하고 롯데월드 가자! 이*현님에게 딱 맞는 롯데월드 코스를 추천해주는 나만의 월드 MBTI를 찾아보세요♬ 월드 MBTI를 확인만 해도, 롯데월드 종합이용권과 모바일 상품권을 드립니다♡ ▼월드 MBTI 확인하러 가기▼ bit.ly/3ZxqnT4 - 월드 MBTI 선택 약관에 동의한 손님에 한해 이벤트에 자동 응모됩니다. 당첨 확률을 높이고 싶다면? 월드 MBTI를 #공유해 주세요! ▶이벤트 자세히 보기 bit.ly/4gfhEud - 본 문자는 롯데월드 어드벤처를 방문하신 손님분들 중 SMS 마케팅 수신에 동의하신 분들에 한해 발송되었습니다. - 광고성 정보 수신 동의 여부 변경을 원하실 경우 [롯데월드 어드벤처 홈페이지>로그인>마이페이지>회원정보수정]에서 변경 가능하며, 동의 철회 시 광고, 이벤트 공지 등의 정보를 수신하실 수 없습니다.",1,1,15e3408fe377c99e7b7d3c1ebd0f20551abe2c63b72487ccb2e734b009a2e64c,기타정상,original,정상인증알림,인증번호·로그인 알림 관련 표현,정상광고프로모션,APPROVED,pearseona,광고·쿠폰·프로모션 안내
tpl_164d2883399b,[Web발신][NICE아이디] 인증번호 [543297]를 입력해주세요. 사칭/전화사기에 주의하세요.,1,1,164d2883399b2a8767b728418210208e6167a9deb5d7a33ee31022f4480e0bfd,기타정상,original,정상인증알림,인증번호·로그인 알림 관련 표현,정상인증알림,APPROVED,pearseona,인증번호·로그인 알림
tpl_49225758d751,"[토스] 로그인 안내 [Web발신] 이*연님의 토스 계정이 새로운 기기에서 로그인됐어요. - 일시: 2025-11-08 19:56 - 직접 로그인하지 않았다면, 토스 고객센터(02-1599-****)로 문의해주세요.",1,1,49225758d75143d92c6efaa5acf0b58588bf8ae9fb51d7804b4f299f4ea7f9f7,기타정상,original,정상인증알림,인증번호·로그인 알림 관련 표현,정상인증알림,APPROVED,pearseona,계정 보안 알림. 금융 알림이 아닌 인증 알림으로 분류
tpl_69e6335d5210,"[Web발신] [Java 최종제출 시 주의사항] -한 번 더 강조함-- 1)이클립스에서 Export해서 zip 파일 제출, import 시 에러나면 감정 대상임 2)AI 및 인터넷 참고 사항 최종 보고서에 기술할 것. 잘 사용한 것이 추가 점수 될 수 있음. 3)프로그램 동작에 대해 실행 과정을 동영상으로 제작해서 제출. 사용 시 로그인이 필요한 경우, 정보 알려줄 것. 4)필요 시 추가 제출하면 되며, 제출 마감은 17일 오후 6시까지 임.",1,1,69e6335d5210172a8d51e7f519a353c266357c5f857679c75a82f108877d4f99,기타정상,original,정상인증알림,인증번호·로그인 알림 관련 표현,기타정상,APPROVED,pearseona,특정 정상 유형에 해당하지 않는 안내
tpl_6eb0fcee38ba,[Web발신][배달의민족] 인증번호 [198788]를 입력해주세요.,1,1,6eb0fcee38ba2c8eca1c35e6e0634837d398b55634645ab8bc76895f85e22983,기타정상,original,정상인증알림,인증번호·로그인 알림 관련 표현,정상인증알림,APPROVED,pearseona,인증번호·로그인 알림
tpl_1cbc1c63cb36,"[Web발신] (광고)[NH농협은행] 양*아 고객님을 위한 최대 2만원 혜택! 결제하실 때 지갑 속의 NH농협은행 이용하고 『배달앱 땡겨요 모바일 쿠폰』 받아가세요. 지금 바로 숫자 1을 답장하면 응모 완료! (본 문자 메시지 수신 고객 한정) ■ 이벤트 참여 방법 ① 본 문자에 ‘1’을 눌러 답장하시면 자동 참여 완료! (★답장기간: 4/24까지) ② 답장 후 4월 30일까지 신용카드(일시불,할부)로 총 1만원 이상 이용하시면 1만원 땡겨요 상품권 쿠폰 증정! ③ 답장 후 4월 30일까지 신용카드(일시불,할부)로 총 10만원 이상 이용하시면 1만원 땡겨요 상품권 쿠폰 추가 증정! ※ 모바일 상품권은 5월 말일 이내에 제공 ■ 이용 시 유의 사항 - 법인/BC/선불/기프트/체크/교통요금은 실적에서 제외돼요. - 포인트 이용금액은 신용카드 이용금액에서 제외돼요. - 당사에 등록되지 않은 휴대폰 번호로 회신 시에는 응모되지 않아요. - 해당 번호는 NH농협은행 이벤트 회신 전용 번호에요. - 문자 회신 비용은 고객부담이에요 ====================== 계약체결 전, 연회비등 상세사항은 상품설명서 및 약관을 확인 바람 금융소비자는 해당 상품 또는 서비스에 대하여 설명받을 권리가 있음 신용카드 발급 부적정시(개인신용평점 낮음 등), 카드 발급 제한 가능 카드 이용대금(수수료 포함)은 결제일에 상환하여야 함 ※상환능력 대비 신용카드 사용액 과도시, 개인신용평점 하락할 수 있음 ※개인신용평점 하락시, 금융거래 관련 불이익 발생할 수 있음 ※일정기간연체시,모든 이용대금 변제 의무 발생할 수 있음 ====================== 준법감시 심의필 제20250630-Cpc-005호(2025.06.30~2026.06.29 - 수신거부 0**-**0-**14(무료)",9,9,1cbc1c63cb36f924cd240ce001b6574c88f31ce7b7c59202d234e86415172478|2a53e3e8dedd808213585e7e84c840b0d6b2b401d8739e47cf950f9a897039cb|43baacffbac2d00edd0e2b7db8f5b0545a249b5c29f699cd4599faaf2fa0d33e|54c91fbd2d2509afca8c29bd6eda30302b8aa0b6a197f9e2e748c3eb876da03c|5dc0c00e30379a033731800c8ce74ced3311ab3fa8a0972cc03c1aa097240254|7a6c336558ae738c7ff7843312ba0868911489c0a906fa9a4ee6f40429af4078|7da6a9cc311e1fc29d507fa983f300754af55fe3c0a77afce5759f21ff2782e4|8591b3b79410484e4375ba301300d05e00f08ff37241158e5cada8e5eae7eab3|ef92fb22275d0be45e01466f2c2ef2dd2ea06f133d6c3862a9ab75e45c63fde3,기타정상,original,정상카드결제알림,카드 승인·결제 관련 표현,정상광고프로모션,APPROVED,pearseona,광고·쿠폰·프로모션 안내
tpl_8987a142dd01,"[한진택배] 상품 배송 안내 기쁨을 전하는 행복상자 한진택배입니다. 고객님의 소중한 상품을 가지고 출발합니다. ■ 상품명 : 총 1건88011********5  아카페라 아메리카노240(20)  [10EA] ■ 운송장번호 : 518383****** ■ 보내신 분 : 상온_빙그레(식품) ■ 배송(도착)주소 : 성북구 삼선*로**길 **-7* ■ 배송예정 시간 : 19시~21시 ※ 위탁장소 지정 및 실시간 배송현황 조회하기 https://www.gov.kr/ZKha6u ※ 택배 상자는 운송장, 포장재 등을 제거 후 분리배출해 주시기 바랍니다.",1,28,8987a142dd017dfb47ca35df5a57f7e8129e17cc47a5017faf7581597a6043c6,기타정상,original,정상택배배송안내,배송 상태·운송장 관련 표현,정상택배배송안내,APPROVED,pearseona,배송 상태·수령 안내
tpl_006cd7018b69,(광고)[배달의민족] 미확인 보상 안내 [Web발신] (광고)[배달의민족] 고객님은 [1만원 쿠폰] 수령 대상자입니다. 소멸 전 보상 확인 부탁드립니다. - 주문시 즉시 적용 가능 1만원 쿠폰 확인▼ https://www.toss.im/2ZHNO9 무료수신거부 : 0808880219,1,25,006cd7018b69018d6fcde02725148d6ccb30c7a6623a5f6d7cc07da24cff3750,기타정상,original,정상택배배송안내,배송 상태·운송장 관련 표현,정상광고프로모션,APPROVED,pearseona,광고·쿠폰·프로모션 안내
tpl_b383039194ff,**[열린옷장]** [Web발신] 강*웅 님의 의류가 정상적으로 반납되었습니다. 감사합니다. 열린옷장 택배대여 다시 대여할 때는 택배대여를 이용하면 더 편리합니다. https://www.hansung.ac.kr/yLCf7j 열린옷장 인스타그램 열린옷장에서 진행하는 무료 프로그램과 취준 정보를 볼 수 있습니다. https://www.kakaobank.com/Z571ML,1,20,b383039194ff26581526cc37cd6428bbae23afaefcb3a3063d146af908d4ad20,기타정상,original,정상택배배송안내,배송 상태·운송장 관련 표현,정상택배배송안내,APPROVED,pearseona,배송 상태·수령 안내
tpl_7243157b2c8f,[Web발신] [ 일양로지스 배송안내 ] 안녕하세요? 일양로지스입니다. 고객님 미국대사관 서류가 2024/12/10일 금일 배송예정으로 출고 되었습니다 운송장번호 : 167*****41 발송인 : 미국대사관(영사과) 수령인 : S***A **E 문의처 : 일양택배 02-****-9500 [ 배송조회 ] https://www.naver.me/1ic40J 감사합니다.,1,17,7243157b2c8f9fab1664cd2b01270de2d106b872c1620e2402a1c9329c2ba243,기타정상,original,정상택배배송안내,배송 상태·운송장 관련 표현,정상택배배송안내,APPROVED,pearseona,배송 상태·수령 안내
tpl_dd9c13a2c2f2,"[Web발신] [인터파크티켓]  2019 Wanna One Concert［Therefore］관객안내 [공식 응원봉 업데이트 및 좌석입력] - 더욱 더 화려하고 즐거운 공연을 위해, 이번 공연에 가지고 오시는 응원봉의 업데이트와 티켓 좌석번호 입력이 필요합니다. 성공적인 연출을 위해 관객 여러분들의 적극적인 참여 부탁드립니다. - 업데이트 및 좌석입력 관련한 자세한 내용은 아래 링크를 통해 확인 부탁드립니다. https://www.go.kakaobank.io/zihAis [교통] - 공연장 내 관람객을 위한 별도의 주차공간이 마련되어 있지 않으며, 공연당일 공연장 주변의 교통혼잡이 예상됩니다. 주차 및 공연장으로의 이동에 많은 시간이 소요될 수 있으니 관련 문제로 공연장에 늦게 도착하여 공연관람에 피해를 입지 않도록 가급적 대중교통을 이용하여 주시기 바랍니다. - 부득이하게 주차를 진행해야 할 경우 고척스카이돔 홈페이지에 안내된 인근 공영주차장을 이용하시기 바랍니다. (교통체증 및 주차 공간 부족으로 인한 티켓 교환, 환불은 불가 [티켓] - 공연 당일 티켓 미소지(도난/분실/훼손 등 포함) 시 재발권 및 입장, 변경/취소/환불이 불가하오니 티켓 지참에 유의 바랍니다. - 공연 현장 매표소는 공연 시작 4시간 전~공연 시작 후 30분까지 운영됩니다. - 예매티켓 현장 수령 시 대리수령은 불가하며, 예매자 본인의 신분증 원본과 예매내역서를 반드시 지참해주시기 바랍니다. 그 외 자세한 내용은 아래 링크를 통해 확인 부탁드립니다. https://www.go.kakaobank.io/zihAis",1,16,dd9c13a2c2f2747da2a12764030c3b1df5dbeb94dde8116dd4b4cdf9e93df172,기타정상,original,정상택배배송안내,배송 상태·운송장 관련 표현,기타정상,APPROVED,pearseona,특정 정상 유형에 해당하지 않는 안내
tpl_5a1166e862bb,"[CJ대한통운] [Web발신][CJ대한통운_배송출발] 반갑습니다, 고객님. 고객님의 소중한 상품이 배송 예정입니다. · 보내는분 : (주)에이치앤에프 · 상품명 : 가나디 복조리 파우치 (귀여운/휴대용/다용도파우치/생일) · 배송예정시간 : 17-19시 ※ 위탁장소 선택, 실시간 배송정보 https://www.kakaobank.com/W38Nbb ※ 무인락커 사용안내 https://www.naver.me/CLIF6o 일요일에도 신속하게!! 언제든,어디서든,무엇이든 확인할 건 오네(O-NE)!",1,7,5a1166e862bbc39f76dc8ebbc623ed8a1ada4593904f861e0ecc116f66d02f40,기타정상,original,정상택배배송안내,배송 상태·운송장 관련 표현,정상택배배송안내,APPROVED,pearseona,배송 안내 형식. 발신처명이 기관명으로 변형된 hard negative
tpl_354a654dd179,"[CJ대검찰청] [Web발신][CJ대검찰청_배송출발] 반갑습니다, 고객님. 고객님의 소중한 상품이 배송 예정입니다. · 보내는분 : (주)에이치앤에프 · 상품명 : 가나디 복조리 파우치 (귀여운/휴대용/다용도파우치/생일) · 배송예정시간 : 17-19시 ※ 위탁장소 선택, 실시간 배송정보 https://www.go.kakaobank.io/TEeSkr ※ 무인락커 사용안내 https://www.toss.im/6EvkEe 일요일에도 신속하게!! 언제든,어디서든,무엇이든 확인할 건 오네(O-NE)!",1,4,354a654dd179372d1c17ae688d9cffbc5ff4afaddf944bffe01a178152368903,기타정상,original,정상택배배송안내,배송 상태·운송장 관련 표현,정상택배배송안내,APPROVED,pearseona,배송 안내 형식. 발신처명이 기관명으로 변형된 hard negative
tpl_844e591a312b,"[CJ금융감독원] [Web발신][CJ금융감독원_배송출발] 반갑습니다, 고객님. 고객님의 소중한 상품이 배송 예정입니다. · 보내는분 : (주)에이치앤에프 · 상품명 : 가나디 복조리 파우치 (귀여운/휴대용/다용도파우치/생일) · 배송예정시간 : 17-19시 ※ 위탁장소 선택, 실시간 배송정보 https://www.kakaobank.com/TkoAdr ※ 무인락커 사용안내 https://www.gov.kr/OZvxXG 일요일에도 신속하게!! 언제든,어디서든,무엇이든 확인할 건 오네(O-NE)!",1,4,844e591a312b51cf6c6c695ade131b9d0726bceff4fa805b7ac780a8807c01a3,기타정상,original,정상택배배송안내,배송 상태·운송장 관련 표현,정상택배배송안내,APPROVED,pearseona,배송 안내 형식. 발신처명이 기관명으로 변형된 hard negative
tpl_d0314a36541c,"[CJ경찰청 교통민원24] [Web발신][CJ경찰청 교통민원24_배송출발] 반갑습니다, 고객님. 고객님의 소중한 상품이 배송 예정입니다. · 보내는분 : (주)에이치앤에프 · 상품명 : 가나디 복조리 파우치 (귀여운/휴대용/다용도파우치/생일) · 배송예정시간 : 17-19시 ※ 위탁장소 선택, 실시간 배송정보 https://www.gov.kr/DYhSXc ※ 무인락커 사용안내 https://www.gov.kr/Irzdi9 일요일에도 신속하게!! 언제든,어디서든,무엇이든 확인할 건 오네(O-NE)!",1,3,d0314a36541c010bf2cdee6550d8b4302dd410024c4d5776853b4446e94e5903,기타정상,original,정상택배배송안내,배송 상태·운송장 관련 표현,정상택배배송안내,APPROVED,pearseona,배송 안내 형식. 발신처명이 기관명으로 변형된 hard negative
tpl_09555dd48458,"어반*테이 *초해변C점 [Web발신] 안녕하세요, 어반스*이 *초해변C입니다. 오늘 퇴실하신 객실에서 분실물(크록스)이 확인되어 연락 드렸으나 부재중이셔서 문자 남깁니다. ▣ 분실물: 크록스 ▣ 수령 방법: - 방문 수령 - 착불 택배 - 폐기 일주일 후까지 회신이 없으실 경우 폐기 처리될 예정입니다. ※ 본 메시지는 발신 전용으로 회신이 불가합니다.",1,1,09555dd484584de2b36b5bb7aad6ce432ad88655f7a49def3059f9cd896e5ceb,기타정상,original,정상택배배송안내,배송 상태·운송장 관련 표현,기타정상,APPROVED,pearseona,특정 정상 유형에 해당하지 않는 안내
tpl_3ee0a37ade18,"[CJ국세청 손택스] [Web발신][CJ국세청 손택스_배송출발] 반갑습니다, 고객님. 고객님의 소중한 상품이 배송 예정입니다. · 보내는분 : (주)에이치앤에프 · 상품명 : 가나디 복조리 파우치 (귀여운/휴대용/다용도파우치/생일) · 배송예정시간 : 17-19시 ※ 위탁장소 선택, 실시간 배송정보 https://www.naver.me/OYr8D7 ※ 무인락커 사용안내 https://www.toss.im/QI2GeV 일요일에도 신속하게!! 언제든,어디서든,무엇이든 확인할 건 오네(O-NE)!",1,1,3ee0a37ade1893c371b3555108b9388af0646f85d86ef79b187d2585efe5d447,기타정상,original,정상택배배송안내,배송 상태·운송장 관련 표현,정상택배배송안내,APPROVED,pearseona,배송 안내 형식. 발신처명이 기관명으로 변형된 hard negative
tpl_3ee443e030ab,[CJ국세청 손택스] [Web발신][CJ국세청 손택스_배송완료] 일요일에도 신속하게!! 모두를 위한 매일매일 배송 CJ국세청 손택스 매일오네(O-NE) 고객님의 상품이 배송 완료되었습니다.ㆍ보내는분 : 엠퍼러웍스 ㆍ상품명 : 플레임 아플리케 피그먼트 후드집업 브라운M ㆍ인수자(위탁장소) : 문앞 ㆍ운송장번호 : 693904*** 모두를 위한 단 하나의 배송! CJ국세청 손택스 오네 ※ CJ국세청 손택스 고객센터 : 1588-1255,1,1,3ee443e030ab5aff20c11eb1d2a3857f363d8fe4a989e99448b0e12e9069e216,기타정상,original,정상택배배송안내,배송 상태·운송장 관련 표현,정상택배배송안내,APPROVED,pearseona,배송 안내 형식. 발신처명이 기관명으로 변형된 hard negative
tpl_614a880be44d,[CJ쿠팡] [Web발신][CJ쿠팡_배송완료] 일요일에도 신속하게!! 모두를 위한 매일매일 배송 CJ쿠팡 매일오네(O-NE) 고객님의 상품이 배송 완료되었습니다.ㆍ보내는분 : 엠퍼러웍스 ㆍ상품명 : 플레임 아플리케 피그먼트 후드집업 브라운M ㆍ인수자(위탁장소) : 문앞 ㆍ운송장번호 : 693904*** 모두를 위한 단 하나의 배송! CJ쿠팡 오네 ※ CJ쿠팡 고객센터 : 1588-1255,1,1,614a880be44d0b2f10635f5fca645439da84840f4e16ab13fb833f87a9161b0b,기타정상,original,정상택배배송안내,배송 상태·운송장 관련 표현,정상택배배송안내,APPROVED,pearseona,배송 안내 형식. 발신처명이 기관명으로 변형된 hard negative
tpl_68aef00e02e7,"[CJKISA] [Web발신][CJKISA_배송출발] 반갑습니다, 고객님. 고객님의 소중한 상품이 배송 예정입니다. · 보내는분 : (주)에이치앤에프 · 상품명 : 가나디 복조리 파우치 (귀여운/휴대용/다용도파우치/생일) · 배송예정시간 : 17-19시 ※ 위탁장소 선택, 실시간 배송정보 https://www.hansung.ac.kr/HBJpQl ※ 무인락커 사용안내 https://www.go.kakaobank.io/2FxRTj 일요일에도 신속하게!! 언제든,어디서든,무엇이든 확인할 건 오네(O-NE)!",1,1,68aef00e02e7133e5ce1dab98dce0f515820a43377f4ba270aaedf63f09c0754,기타정상,original,정상택배배송안내,배송 상태·운송장 관련 표현,정상택배배송안내,APPROVED,pearseona,배송 안내 형식. 발신처명이 기관명으로 변형된 hard negative
tpl_82bf23dc4e2e,엄마 오늘 택배 올 거야. 내가 주문한 거니까 대신 받아줘!,1,1,82bf23dc4e2ea1b0f2e88068e1bf3e139595263f342cc419c3cd0d006a357e22,일상대화,synthetic_hard_negative_v2,정상택배배송안내,배송 상태·운송장 관련 표현,일상대화,APPROVED,pearseona,개인 간 대화
tpl_84334b779d17,[CJ대검찰청] [Web발신][CJ대검찰청_배송완료] 일요일에도 신속하게!! 모두를 위한 매일매일 배송 CJ대검찰청 매일오네(O-NE) 고객님의 상품이 배송 완료되었습니다.ㆍ보내는분 : 엠퍼러웍스 ㆍ상품명 : 플레임 아플리케 피그먼트 후드집업 브라운M ㆍ인수자(위탁장소) : 문앞 ㆍ운송장번호 : 693904*** 모두를 위한 단 하나의 배송! CJ대검찰청 오네 ※ CJ대검찰청 고객센터 : 1588-1255,1,1,84334b779d175af9b56b7585774a9ea557d49b73da1a08052e7e185d778bd856,기타정상,original,정상택배배송안내,배송 상태·운송장 관련 표현,정상택배배송안내,APPROVED,pearseona,배송 안내 형식. 발신처명이 기관명으로 변형된 hard negative
tpl_92802eba144a,[CJ국민건강보험] [Web발신][CJ국민건강보험_배송완료] 일요일에도 신속하게!! 모두를 위한 매일매일 배송 CJ국민건강보험 매일오네(O-NE) 고객님의 상품이 배송 완료되었습니다.ㆍ보내는분 : 엠퍼러웍스 ㆍ상품명 : 플레임 아플리케 피그먼트 후드집업 브라운M ㆍ인수자(위탁장소) : 문앞 ㆍ운송장번호 : 693904*** 모두를 위한 단 하나의 배송! CJ국민건강보험 오네 ※ CJ국민건강보험 고객센터 : 1588-1255,1,1,92802eba144a092041874f6d3dc8e2c0631bbefba947a3a72cb7022a2f729a41,기타정상,original,정상택배배송안내,배송 상태·운송장 관련 표현,정상택배배송안내,APPROVED,pearseona,배송 안내 형식. 발신처명이 기관명으로 변형된 hard negative
tpl_9cd9b89629cc,[CJ금융감독원] [Web발신][CJ금융감독원_배송완료] 일요일에도 신속하게!! 모두를 위한 매일매일 배송 CJ금융감독원 매일오네(O-NE) 고객님의 상품이 배송 완료되었습니다.ㆍ보내는분 : 엠퍼러웍스 ㆍ상품명 : 플레임 아플리케 피그먼트 후드집업 브라운M ㆍ인수자(위탁장소) : 문앞 ㆍ운송장번호 : 693904*** 모두를 위한 단 하나의 배송! CJ금융감독원 오네 ※ CJ금융감독원 고객센터 : 1588-1255,1,1,9cd9b89629cca2ecbc9a4a4ff693d719f75e60353649b1b55e88eeb6d6c2cce8,기타정상,original,정상택배배송안내,배송 상태·운송장 관련 표현,정상택배배송안내,APPROVED,pearseona,배송 안내 형식. 발신처명이 기관명으로 변형된 hard negative
tpl_a8eea65ccc27,[CJ대한통운] [Web발신][CJ대한통운_배송완료] 일요일에도 신속하게!! 모두를 위한 매일매일 배송 CJ대한통운 매일오네(O-NE) 고객님의 상품이 배송 완료되었습니다.ㆍ보내는분 : 엠퍼러웍스 ㆍ상품명 : 플레임 아플리케 피그먼트 후드집업 브라운M ㆍ인수자(위탁장소) : 문앞 ㆍ운송장번호 : 693904*** 모두를 위한 단 하나의 배송! CJ대한통운 오네 ※ CJ대한통운 고객센터 : 1588-1255,1,1,a8eea65ccc27637fe47071d1d32ffa49d7c3aa0dc00d7d7c6f339435979650c6,기타정상,original,정상택배배송안내,배송 상태·운송장 관련 표현,정상택배배송안내,APPROVED,pearseona,배송 안내 형식. 발신처명이 기관명으로 변형된 hard negative
tpl_d3f22e8b2209,"[CJ국민건강보험] [Web발신][CJ국민건강보험_배송출발] 반갑습니다, 고객님. 고객님의 소중한 상품이 배송 예정입니다. · 보내는분 : (주)에이치앤에프 · 상품명 : 가나디 복조리 파우치 (귀여운/휴대용/다용도파우치/생일) · 배송예정시간 : 17-19시 ※ 위탁장소 선택, 실시간 배송정보 https://www.baemin.me/qwEd6n ※ 무인락커 사용안내 https://www.cjlogistics.com/9O2Ycg 일요일에도 신속하게!! 언제든,어디서든,무엇이든 확인할 건 오네(O-NE)!",1,1,d3f22e8b22090654088da1a3bc4d5685eb9bb589888b320593d86babdf0bb133,기타정상,original,정상택배배송안내,배송 상태·운송장 관련 표현,정상택배배송안내,APPROVED,pearseona,배송 안내 형식. 발신처명이 기관명으로 변형된 hard negative
tpl_e7bbc2b6458f,[CJKISA] [Web발신][CJKISA_배송완료] 일요일에도 신속하게!! 모두를 위한 매일매일 배송 CJKISA 매일오네(O-NE) 고객님의 상품이 배송 완료되었습니다.ㆍ보내는분 : 엠퍼러웍스 ㆍ상품명 : 플레임 아플리케 피그먼트 후드집업 브라운M ㆍ인수자(위탁장소) : 문앞 ㆍ운송장번호 : 693904*** 모두를 위한 단 하나의 배송! CJKISA 오네 ※ CJKISA 고객센터 : 1588-1255,1,1,e7bbc2b6458f528b331b9c360cd671f730f8c4db3dc8dce960be50fad35a5117,기타정상,original,정상택배배송안내,배송 상태·운송장 관련 표현,정상택배배송안내,APPROVED,pearseona,배송 안내 형식. 발신처명이 기관명으로 변형된 hard negative
tpl_f5632aa15a17,"롯데택배 딩동♬ 진심을 다하는 롯데택배입니다. 고객님의 소중한 상품이 도착되었다는 소식을 알려드립니다. 불편사항 있으시면 언제든지 연락바라며, 항상 최고의 서비스를 위해 노력하겠습니다. 송장번호 : 2**4-75*4-16** ■ 보내는분 : 주식회사 건어맨 ■ 상품명 : 맥반석오징어채 파지 1kg(찡어) ■ 위탁장소 : 문앞 ■ 배송일자 : 01월17일",1,1,f5632aa15a179afb0a9bda37a4f4872d0507a8d1cb5b9b194313f5b0e4164453,기타정상,original,정상택배배송안내,배송 상태·운송장 관련 표현,정상택배배송안내,APPROVED,pearseona,배송 상태·수령 안내
tpl_d130646e3921,"[Web발신] [U폰캐시 소멸예정] 안*영 고객님, 고객님께서 보유하신 50,000C 중 소멸예정일까지 미사용 시 50,000C이(가) 소멸될 예정입니다. ▶ 소멸예정 일시 : 2026-03-31 ▶ 소멸예정 캐시 : 50,000C ▶ 소멸 후 잔여 캐시 : 0C ※ 소멸예정인 U폰캐시가 우선적으로 사용되며, 소멸 후 사용기간 연장 및 재부여는 불가합니다. ※ U폰캐시 상세 내역은 유모바일 App 및 홈페이지를 통해 확인하실 수 있습니다. ※ 이 메시지는 고객님이 보유하신 U폰캐시의 소멸 예정 사실을 사전에 안내하는 메시지입니다. ※ 이 메시지는 계약 또는 거래관계에 따라 지급된 U폰캐시 소멸 안내 메시지입니다. > 내 U폰캐시 확인하기 https://www.yanolja.com/R553Td 감사합니다.",1,24,d130646e392118b03408e89cdb6567ac5ebc5ef282b5bc44782e77a196c9093c,기타정상,original,정상포인트소멸알림,포인트·적립금 소멸 관련 표현,정상포인트소멸알림,APPROVED,pearseona,포인트 소멸 예정 안내
